{
  "fio version" : "fio-3.36",
  "timestamp" : 1775375359,
  "timestamp_ms" : 1775375359474,
  "time" : "Sun Apr  5 13:19:19 2026",
  "global options" : {
    "directory" : "/home/kishore/benchmark_arena/bindfs_mount",
    "ioengine" : "io_uring",
    "direct" : "1",
    "group_reporting" : "1",
    "thread" : "1",
    "time_based" : "1",
    "runtime" : "45",
    "ramp_time" : "5",
    "randrepeat" : "1",
    "randseed" : "42",
    "fallocate" : "none"
  },
  "jobs" : [
    {
      "jobname" : "realistic_mix",
      "groupid" : 0,
      "job_start" : 1775375314443,
      "error" : 0,
      "eta" : 0,
      "elapsed" : 51,
      "job options" : {
        "rw" : "randrw",
        "rwmixread" : "50",
        "bssplit" : "4k/80:64k/20",
        "iodepth" : "64",
        "numjobs" : "8",
        "size" : "1G",
        "fsync" : "1",
        "filename" : "bench_realistic_mix.dat"
      },
      "read" : {
        "io_bytes" : 462516224,
        "io_kbytes" : 451676,
        "bw_bytes" : 10274028,
        "bw" : 10033,
        "iops" : 686.147763,
        "runtime" : 45018,
        "total_ios" : 30889,
        "short_ios" : 0,
        "drop_ios" : 0,
        "slat_ns" : {
          "min" : 4125,
          "max" : 78282333,
          "mean" : 620372.667854,
          "stddev" : 990069.275661,
          "N" : 30890
        },
        "clat_ns" : {
          "min" : 14752959,
          "max" : 374993873,
          "mean" : 173554175.191532,
          "stddev" : 49086882.516088,
          "N" : 30987,
          "percentile" : {
            "1.000000" : 66846720,
            "5.000000" : 93847552,
            "10.000000" : 111673344,
            "20.000000" : 131596288,
            "30.000000" : 147849216,
            "40.000000" : 160432128,
            "50.000000" : 170917888,
            "60.000000" : 185597952,
            "70.000000" : 198180864,
            "80.000000" : 214958080,
            "90.000000" : 238026752,
            "95.000000" : 256901120,
            "99.000000" : 291504128,
            "99.500000" : 308281344,
            "99.900000" : 337641472,
            "99.950000" : 350224384,
            "99.990000" : 371195904
          }
        },
        "lat_ns" : {
          "min" : 14767167,
          "max" : 375035623,
          "mean" : 174174362.529415,
          "stddev" : 49104853.784750,
          "N" : 30987
        },
        "bw_min" : 3506,
        "bw_max" : 18664,
        "bw_agg" : 99.768465,
        "bw_mean" : 10010.269663,
        "bw_dev" : 393.496015,
        "bw_samples" : 712,
        "iops_min" : 371,
        "iops_max" : 1107,
        "iops_mean" : 684.539326,
        "iops_stddev" : 19.532199,
        "iops_samples" : 712
      },
      "write" : {
        "io_bytes" : 458612736,
        "io_kbytes" : 447864,
        "bw_bytes" : 10187319,
        "bw" : 9948,
        "iops" : 690.190590,
        "runtime" : 45018,
        "total_ios" : 31071,
        "short_ios" : 0,
        "drop_ios" : 0,
        "slat_ns" : {
          "min" : 16250,
          "max" : 94138291,
          "mean" : 10962635.040768,
          "stddev" : 7796018.598563,
          "N" : 31078
        },
        "clat_ns" : {
          "min" : 1125,
          "max" : 366967748,
          "mean" : 171268384.636527,
          "stddev" : 48964198.099835,
          "N" : 31177,
          "percentile" : {
            "1.000000" : 63700992,
            "5.000000" : 92798976,
            "10.000000" : 109576192,
            "20.000000" : 129499136,
            "30.000000" : 145752064,
            "40.000000" : 158334976,
            "50.000000" : 170917888,
            "60.000000" : 183500800,
            "70.000000" : 196083712,
            "80.000000" : 210763776,
            "90.000000" : 233832448,
            "95.000000" : 252706816,
            "99.000000" : 291504128,
            "99.500000" : 308281344,
            "99.900000" : 337641472,
            "99.950000" : 346030080,
            "99.990000" : 358612992
          }
        },
        "lat_ns" : {
          "min" : 14751500,
          "max" : 383965957,
          "mean" : 182231824.280784,
          "stddev" : 49064589.301633,
          "N" : 31177
        },
        "bw_min" : 3907,
        "bw_max" : 19098,
        "bw_agg" : 99.743141,
        "bw_mean" : 9923.966292,
        "bw_dev" : 374.514220,
        "bw_samples" : 712,
        "iops_min" : 454,
        "iops_max" : 1018,
        "iops_mean" : 688.955056,
        "iops_stddev" : 15.025033,
        "iops_samples" : 712
      },
      "trim" : {
        "io_bytes" : 0,
        "io_kbytes" : 0,
        "bw_bytes" : 0,
        "bw" : 0,
        "iops" : 0.000000,
        "runtime" : 0,
        "total_ios" : 0,
        "short_ios" : 0,
        "drop_ios" : 0,
        "slat_ns" : {
          "min" : 0,
          "max" : 0,
          "mean" : 0.000000,
          "stddev" : 0.000000,
          "N" : 0
        },
        "clat_ns" : {
          "min" : 0,
          "max" : 0,
          "mean" : 0.000000,
          "stddev" : 0.000000,
          "N" : 0
        },
        "lat_ns" : {
          "min" : 0,
          "max" : 0,
          "mean" : 0.000000,
          "stddev" : 0.000000,
          "N" : 0
        },
        "bw_min" : 0,
        "bw_max" : 0,
        "bw_agg" : 0.000000,
        "bw_mean" : 0.000000,
        "bw_dev" : 0.000000,
        "bw_samples" : 0,
        "iops_min" : 0,
        "iops_max" : 0,
        "iops_mean" : 0.000000,
        "iops_stddev" : 0.000000,
        "iops_samples" : 0
      },
      "sync" : {
        "total_ios" : 61914,
        "lat_ns" : {
          "min" : 17099000,
          "max" : 432173123,
          "mean" : 193141208.423554,
          "stddev" : 51006445.889480,
          "N" : 62214,
          "percentile" : {
            "1.000000" : 81264640,
            "5.000000" : 111673344,
            "10.000000" : 129499136,
            "20.000000" : 149946368,
            "30.000000" : 164626432,
            "40.000000" : 179306496,
            "50.000000" : 191889408,
            "60.000000" : 204472320,
            "70.000000" : 219152384,
            "80.000000" : 235929600,
            "90.000000" : 258998272,
            "95.000000" : 278921216,
            "99.000000" : 320864256,
            "99.500000" : 333447168,
            "99.900000" : 371195904,
            "99.950000" : 383778816,
            "99.990000" : 417333248
          }
        }
      },
      "job_runtime" : 360083,
      "usr_cpu" : 0.037769,
      "sys_cpu" : 0.694284,
      "ctx" : 148420,
      "majf" : 0,
      "minf" : 1,
      "iodepth_level" : {
        "1" : 0.000000,
        "2" : 0.000000,
        "4" : 0.000000,
        "8" : 0.000000,
        "16" : 0.000000,
        "32" : 0.000000,
        ">=64" : 199.925759
      },
      "iodepth_submit" : {
        "0" : 0.000000,
        "4" : 100.000000,
        "8" : 0.000000,
        "16" : 0.000000,
        "32" : 0.000000,
        "64" : 0.000000,
        ">=64" : 0.000000
      },
      "iodepth_complete" : {
        "0" : 0.000000,
        "4" : 99.993543,
        "8" : 0.000000,
        "16" : 0.000000,
        "32" : 0.000000,
        "64" : 0.100000,
        ">=64" : 0.000000
      },
      "latency_ns" : {
        "2" : 0.000000,
        "4" : 0.000000,
        "10" : 0.000000,
        "20" : 0.000000,
        "50" : 0.000000,
        "100" : 0.000000,
        "250" : 0.000000,
        "500" : 0.000000,
        "750" : 0.000000,
        "1000" : 0.000000
      },
      "latency_us" : {
        "2" : 0.010000,
        "4" : 0.000000,
        "10" : 0.000000,
        "20" : 0.000000,
        "50" : 0.000000,
        "100" : 0.000000,
        "250" : 0.000000,
        "500" : 0.000000,
        "750" : 0.000000,
        "1000" : 0.000000
      },
      "latency_ms" : {
        "2" : 0.010000,
        "4" : 0.010000,
        "10" : 0.010000,
        "20" : 0.016139,
        "50" : 0.327631,
        "100" : 6.305681,
        "250" : 87.621046,
        "500" : 6.047450,