{
  "fio version" : "fio-3.36",
  "timestamp" : 1775223874,
  "timestamp_ms" : 1775223874009,
  "time" : "Fri Apr  3 19:14:34 2026",
  "global options" : {
    "directory" : "/home/kishore/benchmark_arena/arcfs_mount"
  },
  "jobs" : [
    {
      "jobname" : "massive_stream",
      "groupid" : 0,
      "job_start" : 1775223867834,
      "error" : 0,
      "eta" : 0,
      "elapsed" : 7,
      "job options" : {
        "rw" : "write",
        "size" : "4G",
        "buffer_compress_percentage" : "0",
        "refill_buffers" : "1",
        "direct" : "1",
        "fallocate" : "none"
      },
      "read" : {
        "io_bytes" : 0,
        "io_kbytes" : 0,
        "bw_bytes" : 0,
        "bw" : 0,
        "iops" : 0.000000,
        "runtime" : 0,
        "total_ios" : 0,
        "short_ios" : 0,
        "drop_ios" : 0,
        "slat_ns" : {
          "min" : 0,
          "max" : 0,
          "mean" : 0.000000,
          "stddev" : 0.000000,
          "N" : 0
        },
        "clat_ns" : {
          "min" : 0,
          "max" : 0,
          "mean" : 0.000000,
          "stddev" : 0.000000,
          "N" : 0
        },
        "lat_ns" : {
          "min" : 0,
          "max" : 0,
          "mean" : 0.000000,
          "stddev" : 0.000000,
          "N" : 0
        },
        "bw_min" : 0,
        "bw_max" : 0,
        "bw_agg" : 0.000000,
        "bw_mean" : 0.000000,
        "bw_dev" : 0.000000,
        "bw_samples" : 0,
        "iops_min" : 0,
        "iops_max" : 0,
        "iops_mean" : 0.000000,
        "iops_stddev" : 0.000000,
        "iops_samples" : 0
      },
      "write" : {
        "io_bytes" : 4294967296,
        "io_kbytes" : 4194304,
        "bw_bytes" : 697914737,
        "bw" : 681557,
        "iops" : 170389.340266,
        "runtime" : 6154,
        "total_ios" : 1048576,
        "short_ios" : 0,
        "drop_ios" : 0,
        "slat_ns" : {
          "min" : 0,
          "max" : 0,
          "mean" : 0.000000,
          "stddev" : 0.000000,
          "N" : 0
        },
        "clat_ns" : {
          "min" : 2000,
          "max" : 100344223,
          "mean" : 5195.095650,
          "stddev" : 103907.140304,
          "N" : 1048576,
          "percentile" : {
            "1.000000" : 2128,
            "5.000000" : 2160,
            "10.000000" : 2224,
            "20.000000" : 2288,
            "30.000000" : 2448,
            "40.000000" : 2512,
            "50.000000" : 2640,
            "60.000000" : 2864,
            "70.000000" : 3408,
            "80.000000" : 5984,
            "90.000000" : 8768,
            "95.000000" : 10944,
            "99.000000" : 24960,
            "99.500000" : 35584,
            "99.900000" : 191488,
            "99.950000" : 505856,
            "99.990000" : 1318912
          }
        },
        "lat_ns" : {
          "min" : 2041,
          "max" : 100344223,
          "mean" : 5223.469021,
          "stddev" : 103907.544227,
          "N" : 1048576
        },
        "bw_min" : 316184,
        "bw_max" : 1062344,
        "bw_agg" : 99.564180,
        "bw_mean" : 678587.166667,
        "bw_dev" : 272994.164993,
        "bw_samples" : 12,
        "iops_min" : 79046,
        "iops_max" : 265586,
        "iops_mean" : 169646.750000,
        "iops_stddev" : 68248.586298,
        "iops_samples" : 12
      },
      "trim" : {
        "io_bytes" : 0,
        "io_kbytes" : 0,
        "bw_bytes" : 0,
        "bw" : 0,
        "iops" : 0.000000,
        "runtime" : 0,
        "total_ios" : 0,
        "short_ios" : 0,
        "drop_ios" : 0,
        "slat_ns" : {
          "min" : 0,
          "max" : 0,
          "mean" : 0.000000,
          "stddev" : 0.000000,
          "N" : 0
        },
        "clat_ns" : {
          "min" : 0,
          "max" : 0,
          "mean" : 0.000000,
          "stddev" : 0.000000,
          "N" : 0
        },
        "lat_ns" : {
          "min" : 0,
          "max" : 0,
          "mean" : 0.000000,
          "stddev" : 0.000000,
          "N" : 0
        },
        "bw_min" : 0,
        "bw_max" : 0,
        "bw_agg" : 0.000000,
        "bw_mean" : 0.000000,
        "bw_dev" : 0.000000,
        "bw_samples" : 0,
        "iops_min" : 0,
        "iops_max" : 0,
        "iops_mean" : 0.000000,
        "iops_stddev" : 0.000000,
        "iops_samples" : 0
      },
      "sync" : {
        "total_ios" : 0,
        "lat_ns" : {
          "min" : 0,
          "max" : 0,
          "mean" : 0.000000,
          "stddev" : 0.000000,
          "N" : 0
        }
      },
      "job_runtime" : 6153,
      "usr_cpu" : 14.562002,
      "sys_cpu" : 15.098326,
      "ctx" : 1048587,
      "majf" : 2,
      "minf" : 89,
      "iodepth_level" : {
        "1" : 100.000000,
        "2" : 0.000000,
        "4" : 0.000000,
        "8" : 0.000000,
        "16" : 0.000000,
        "32" : 0.000000,
        ">=64" : 0.000000
      },
      "iodepth_submit" : {
        "0" : 0.000000,
        "4" : 100.000000,
        "8" : 0.000000,
        "16" : 0.000000,
        "32" : 0.000000,
        "64" : 0.000000,
        ">=64" : 0.000000
      },
      "iodepth_complete" : {
        "0" : 0.000000,
        "4" : 100.000000,
        "8" : 0.000000,
        "16" : 0.000000,
        "32" : 0.000000,
        "64" : 0.000000,
        ">=64" : 0.000000
      },
      "latency_ns" : {
        "2" : 0.000000,
        "4" : 0.000000,
        "10" : 0.000000,
        "20" : 0.000000,
        "50" : 0.000000,
        "100" : 0.000000,
        "250" : 0.000000,
        "500" : 0.000000,
        "750" : 0.000000,
        "1000" : 0.000000
      },
      "latency_us" : {
        "2" : 0.000000,
        "4" : 74.107647,
        "10" : 19.065189,
        "20" : 5.409145,
        "50" : 1.116467,
        "100" : 0.154972,
        "250" : 0.057888,
        "500" : 0.038147,
        "750" : 0.023746,
        "1000" : 0.011158
      },
      "latency_ms" : {
        "2" : 0.012112,
        "4" : 0.010000,
        "10" : 0.010000,
        "20" : 0.010000,
        "50" : 0.000000,
        "100" : 0.000000,
        "250" : 0.010000,
        "500" : 0.000000,
        "750" : 0.000000,
        "1000" : 0.000000,
        "2000" : 0.000000,
        ">=2000" : 0.000000
      },
      "latency_depth" : 1,
      "latency_target" : 0,
      "latency_percentile" : 100.000000,
      "latency_window" : 0
    }
  ]
}
