{
  "fio version" : "fio-3.36",
  "timestamp" : 1775224027,
  "timestamp_ms" : 1775224027906,
  "time" : "Fri Apr  3 19:17:07 2026",
  "global options" : {
    "directory" : "/home/kishore/benchmark_arena/arcfs_mount"
  },
  "jobs" : [
    {
      "jobname" : "paranoid_db",
      "groupid" : 0,
      "job_start" : 1775223884602,
      "error" : 0,
      "eta" : 0,
      "elapsed" : 144,
      "job options" : {
        "rw" : "randwrite",
        "bs" : "4k",
        "size" : "500M",
        "fsync" : "1",
        "direct" : "1",
        "fallocate" : "none"
      },
      "read" : {
        "io_bytes" : 0,
        "io_kbytes" : 0,
        "bw_bytes" : 0,
        "bw" : 0,
        "iops" : 0.000000,
        "runtime" : 0,
        "total_ios" : 0,
        "short_ios" : 0,
        "drop_ios" : 0,
        "slat_ns" : {
          "min" : 0,
          "max" : 0,
          "mean" : 0.000000,
          "stddev" : 0.000000,
          "N" : 0
        },
        "clat_ns" : {
          "min" : 0,
          "max" : 0,
          "mean" : 0.000000,
          "stddev" : 0.000000,
          "N" : 0
        },
        "lat_ns" : {
          "min" : 0,
          "max" : 0,
          "mean" : 0.000000,
          "stddev" : 0.000000,
          "N" : 0
        },
        "bw_min" : 0,
        "bw_max" : 0,
        "bw_agg" : 0.000000,
        "bw_mean" : 0.000000,
        "bw_dev" : 0.000000,
        "bw_samples" : 0,
        "iops_min" : 0,
        "iops_max" : 0,
        "iops_mean" : 0.000000,
        "iops_stddev" : 0.000000,
        "iops_samples" : 0
      },
      "write" : {
        "io_bytes" : 524288000,
        "io_kbytes" : 512000,
        "bw_bytes" : 3658980,
        "bw" : 3573,
        "iops" : 893.305790,
        "runtime" : 143288,
        "total_ios" : 128000,
        "short_ios" : 0,
        "drop_ios" : 0,
        "slat_ns" : {
          "min" : 0,
          "max" : 0,
          "mean" : 0.000000,
          "stddev" : 0.000000,
          "N" : 0
        },
        "clat_ns" : {
          "min" : 7542,
          "max" : 9983625,
          "mean" : 20261.872242,
          "stddev" : 61351.635204,
          "N" : 128000,
          "percentile" : {
            "1.000000" : 9920,
            "5.000000" : 10688,
            "10.000000" : 11456,
            "20.000000" : 12864,
            "30.000000" : 13760,
            "40.000000" : 14656,
            "50.000000" : 15808,
            "60.000000" : 17024,
            "70.000000" : 18560,
            "80.000000" : 20608,
            "90.000000" : 24704,
            "95.000000" : 31360,
            "99.000000" : 102912,
            "99.500000" : 154624,
            "99.900000" : 448512,
            "99.950000" : 610304,
            "99.990000" : 2375680
          }
        },
        "lat_ns" : {
          "min" : 7584,
          "max" : 9984458,
          "mean" : 20331.524297,
          "stddev" : 61368.228301,
          "N" : 128000
        },
        "bw_min" : 352,
        "bw_max" : 5916,
        "bw_agg" : 100.000000,
        "bw_mean" : 3592.471831,
        "bw_dev" : 954.709341,
        "bw_samples" : 284,
        "iops_min" : 88,
        "iops_max" : 1479,
        "iops_mean" : 897.880282,
        "iops_stddev" : 238.655272,
        "iops_samples" : 284
      },
      "trim" : {
        "io_bytes" : 0,
        "io_kbytes" : 0,
        "bw_bytes" : 0,
        "bw" : 0,
        "iops" : 0.000000,
        "runtime" : 0,
        "total_ios" : 0,
        "short_ios" : 0,
        "drop_ios" : 0,
        "slat_ns" : {
          "min" : 0,
          "max" : 0,
          "mean" : 0.000000,
          "stddev" : 0.000000,
          "N" : 0
        },
        "clat_ns" : {
          "min" : 0,
          "max" : 0,
          "mean" : 0.000000,
          "stddev" : 0.000000,
          "N" : 0
        },
        "lat_ns" : {
          "min" : 0,
          "max" : 0,
          "mean" : 0.000000,
          "stddev" : 0.000000,
          "N" : 0
        },
        "bw_min" : 0,
        "bw_max" : 0,
        "bw_agg" : 0.000000,
        "bw_mean" : 0.000000,
        "bw_dev" : 0.000000,
        "bw_samples" : 0,
        "iops_min" : 0,
        "iops_max" : 0,
        "iops_mean" : 0.000000,
        "iops_stddev" : 0.000000,
        "iops_samples" : 0
      },
      "sync" : {
        "total_ios" : 127999,
        "lat_ns" : {
          "min" : 498979,
          "max" : 743763279,
          "mean" : 1097975.921632,
          "stddev" : 2953718.569880,
          "N" : 127999,
          "percentile" : {
            "1.000000" : 593920,
            "5.000000" : 634880,
            "10.000000" : 667648,
            "20.000000" : 708608,
            "30.000000" : 757760,
            "40.000000" : 806912,
            "50.000000" : 864256,
            "60.000000" : 929792,
            "70.000000" : 1011712,
            "80.000000" : 1171456,
            "90.000000" : 1548288,
            "95.000000" : 1941504,
            "99.000000" : 4292608,
            "99.500000" : 6389760,
            "99.900000" : 17956864,
            "99.950000" : 35913728,
            "99.990000" : 79167488
          }
        }
      },
      "job_runtime" : 143287,
      "usr_cpu" : 0.284743,
      "sys_cpu" : 11.266898,
      "ctx" : 317029,
      "majf" : 1,
      "minf" : 72,
      "iodepth_level" : {
        "1" : 199.999219,
        "2" : 0.000000,
        "4" : 0.000000,
        "8" : 0.000000,
        "16" : 0.000000,
        "32" : 0.000000,
        ">=64" : 0.000000
      },
      "iodepth_submit" : {
        "0" : 0.000000,
        "4" : 100.000000,
        "8" : 0.000000,
        "16" : 0.000000,
        "32" : 0.000000,
        "64" : 0.000000,
        ">=64" : 0.000000
      },
      "iodepth_complete" : {
        "0" : 0.000000,
        "4" : 100.000000,
        "8" : 0.000000,
        "16" : 0.000000,
        "32" : 0.000000,
        "64" : 0.000000,
        ">=64" : 0.000000
      },
      "latency_ns" : {
        "2" : 0.000000,
        "4" : 0.000000,
        "10" : 0.000000,
        "20" : 0.000000,
        "50" : 0.000000,
        "100" : 0.000000,
        "250" : 0.000000,
        "500" : 0.000000,
        "750" : 0.000000,
        "1000" : 0.000000
      },
      "latency_us" : {
        "2" : 0.000000,
        "4" : 0.000000,
        "10" : 1.203125,
        "20" : 75.662500,
        "50" : 20.759375,
        "100" : 1.329687,
        "250" : 0.794531,
        "500" : 0.175000,
        "750" : 0.035156,
        "1000" : 0.014063
      },
      "latency_ms" : {
        "2" : 0.012500,
        "4" : 0.010156,
        "10" : 0.010000,
        "20" : 0.000000,
        "50" : 0.000000,
        "100" : 0.000000,
        "250" : 0.000000,
        "500" : 0.000000,
        "750" : 0.000000,
        "1000" : 0.000000,
        "2000" : 0.000000,
        ">=2000" : 0.000000
      },
      "latency_depth" : 1,
      "latency_target" : 0,
      "latency_percentile" : 100.000000,
      "latency_window" : 0
    }
  ]
}
