{
  "fio version" : "fio-3.36",
  "timestamp" : 1775223859,
  "timestamp_ms" : 1775223859916,
  "time" : "Fri Apr  3 19:14:19 2026",
  "global options" : {
    "directory" : "/home/kishore/benchmark_arena/arcfs_mount"
  },
  "jobs" : [
    {
      "jobname" : "realistic_mix",
      "groupid" : 0,
      "job_start" : 1775223859346,
      "error" : 0,
      "eta" : 2147483647,
      "elapsed" : 1,
      "job options" : {
        "rw" : "randrw",
        "rwmixread" : "70",
        "bssplit" : "4k/50:64k/30:1m/20",
        "size" : "1G",
        "direct" : "1",
        "fallocate" : "none"
      },
      "read" : {
        "io_bytes" : 763936768,
        "io_kbytes" : 746032,
        "bw_bytes" : 1383943420,
        "bw" : 1351507,
        "iops" : 22568.840580,
        "runtime" : 552,
        "total_ios" : 12458,
        "short_ios" : 0,
        "drop_ios" : 0,
        "slat_ns" : {
          "min" : 0,
          "max" : 0,
          "mean" : 0.000000,
          "stddev" : 0.000000,
          "N" : 0
        },
        "clat_ns" : {
          "min" : 1708,
          "max" : 6850493,
          "mean" : 27087.704527,
          "stddev" : 103781.959891,
          "N" : 12458,
          "percentile" : {
            "1.000000" : 2096,
            "5.000000" : 2384,
            "10.000000" : 2576,
            "20.000000" : 3152,
            "30.000000" : 3888,
            "40.000000" : 6176,
            "50.000000" : 8384,
            "60.000000" : 13120,
            "70.000000" : 21632,
            "80.000000" : 28032,
            "90.000000" : 44288,
            "95.000000" : 83456,
            "99.000000" : 329728,
            "99.500000" : 460800,
            "99.900000" : 1073152,
            "99.950000" : 1794048,
            "99.990000" : 3096576
          }
        },
        "lat_ns" : {
          "min" : 1750,
          "max" : 6850535,
          "mean" : 27120.587414,
          "stddev" : 103784.317831,
          "N" : 12458
        },
        "bw_min" : 1314714,
        "bw_max" : 1314714,
        "bw_agg" : 97.277614,
        "bw_mean" : 1314714.000000,
        "bw_dev" : 0.000000,
        "bw_samples" : 1,
        "iops_min" : 18714,
        "iops_max" : 18714,
        "iops_mean" : 18714.000000,
        "iops_stddev" : 0.000000,
        "iops_samples" : 1
      },
      "write" : {
        "io_bytes" : 309805056,
        "io_kbytes" : 302544,
        "bw_bytes" : 561241043,
        "bw" : 548086,
        "iops" : 9612.318841,
        "runtime" : 552,
        "total_ios" : 5306,
        "short_ios" : 0,
        "drop_ios" : 0,
        "slat_ns" : {
          "min" : 0,
          "max" : 0,
          "mean" : 0.000000,
          "stddev" : 0.000000,
          "N" : 0
        },
        "clat_ns" : {
          "min" : 2167,
          "max" : 3031626,
          "mean" : 37238.333773,
          "stddev" : 102406.280812,
          "N" : 5306,
          "percentile" : {
            "1.000000" : 2672,
            "5.000000" : 3248,
            "10.000000" : 3888,
            "20.000000" : 8256,
            "30.000000" : 10432,
            "40.000000" : 12736,
            "50.000000" : 17792,
            "60.000000" : 23936,
            "70.000000" : 29824,
            "80.000000" : 36096,
            "90.000000" : 55552,
            "95.000000" : 105984,
            "99.000000" : 468992,
            "99.500000" : 569344,
            "99.900000" : 1044480,
            "99.950000" : 2572288,
            "99.990000" : 3031040
          }
        },
        "lat_ns" : {
          "min" : 2209,
          "max" : 3031709,
          "mean" : 37630.736336,
          "stddev" : 103101.770621,
          "N" : 5306
        },
        "bw_min" : 528103,
        "bw_max" : 528103,
        "bw_agg" : 96.353871,
        "bw_mean" : 528103.000000,
        "bw_dev" : 0.000000,
        "bw_samples" : 1,
        "iops_min" : 8077,
        "iops_max" : 8077,
        "iops_mean" : 8077.000000,
        "iops_stddev" : 0.000000,
        "iops_samples" : 1
      },
      "trim" : {
        "io_bytes" : 0,
        "io_kbytes" : 0,
        "bw_bytes" : 0,
        "bw" : 0,
        "iops" : 0.000000,
        "runtime" : 0,
        "total_ios" : 0,
        "short_ios" : 0,
        "drop_ios" : 0,
        "slat_ns" : {
          "min" : 0,
          "max" : 0,
          "mean" : 0.000000,
          "stddev" : 0.000000,
          "N" : 0
        },
        "clat_ns" : {
          "min" : 0,
          "max" : 0,
          "mean" : 0.000000,
          "stddev" : 0.000000,
          "N" : 0
        },
        "lat_ns" : {
          "min" : 0,
          "max" : 0,
          "mean" : 0.000000,
          "stddev" : 0.000000,
          "N" : 0
        },
        "bw_min" : 0,
        "bw_max" : 0,
        "bw_agg" : 0.000000,
        "bw_mean" : 0.000000,
        "bw_dev" : 0.000000,
        "bw_samples" : 0,
        "iops_min" : 0,
        "iops_max" : 0,
        "iops_mean" : 0.000000,
        "iops_stddev" : 0.000000,
        "iops_samples" : 0
      },
      "sync" : {
        "total_ios" : 0,
        "lat_ns" : {
          "min" : 0,
          "max" : 0,
          "mean" : 0.000000,
          "stddev" : 0.000000,
          "N" : 0
        }
      },
      "job_runtime" : 551,
      "usr_cpu" : 3.266788,
      "sys_cpu" : 13.248639,
      "ctx" : 21945,
      "majf" : 0,
      "minf" : 14,
      "iodepth_level" : {
        "1" : 100.000000,
        "2" : 0.000000,
        "4" : 0.000000,
        "8" : 0.000000,
        "16" : 0.000000,
        "32" : 0.000000,
        ">=64" : 0.000000
      },
      "iodepth_submit" : {
        "0" : 0.000000,
        "4" : 100.000000,
        "8" : 0.000000,
        "16" : 0.000000,
        "32" : 0.000000,
        "64" : 0.000000,
        ">=64" : 0.000000
      },
      "iodepth_complete" : {
        "0" : 0.000000,
        "4" : 100.000000,
        "8" : 0.000000,
        "16" : 0.000000,
        "32" : 0.000000,
        "64" : 0.000000,
        ">=64" : 0.000000
      },
      "latency_ns" : {
        "2" : 0.000000,
        "4" : 0.000000,
        "10" : 0.000000,
        "20" : 0.000000,
        "50" : 0.000000,
        "100" : 0.000000,
        "250" : 0.000000,
        "500" : 0.000000,
        "750" : 0.000000,
        "1000" : 0.000000
      },
      "latency_us" : {
        "2" : 0.247692,
        "4" : 24.605945,
        "10" : 22.061473,
        "20" : 16.764242,
        "50" : 26.891466,
        "100" : 4.773700,
        "250" : 2.595136,
        "500" : 1.525557,
        "750" : 0.365909,
        "1000" : 0.056294
      },
      "latency_ms" : {
        "2" : 0.067552,
        "4" : 0.039406,
        "10" : 0.010000,
        "20" : 0.000000,
        "50" : 0.000000,
        "100" : 0.000000,
        "250" : 0.000000,
        "500" : 0.000000,
        "750" : 0.000000,
        "1000" : 0.000000,
        "2000" : 0.000000,
        ">=2000" : 0.000000
      },
      "latency_depth" : 1,
      "latency_target" : 0,
      "latency_percentile" : 100.000000,
      "latency_window" : 0
    }
  ]
}
