{
  "fio version" : "fio-3.36",
  "timestamp" : 1775302663,
  "timestamp_ms" : 1775302663836,
  "time" : "Sat Apr  4 17:07:43 2026",
  "global options" : {
    "directory" : "/home/kishore/benchmark_arena/ext4_mount",
    "ioengine" : "io_uring",
    "direct" : "1",
    "group_reporting" : "1",
    "thread" : "1",
    "time_based" : "1",
    "runtime" : "45",
    "ramp_time" : "5",
    "randrepeat" : "1",
    "randseed" : "42",
    "fallocate" : "none"
  },
  "jobs" : [
    {
      "jobname" : "realistic_mix",
      "groupid" : 0,
      "job_start" : 1775302618813,
      "error" : 0,
      "eta" : 0,
      "elapsed" : 51,
      "job options" : {
        "rw" : "randrw",
        "rwmixread" : "70",
        "bssplit" : "4k/50:64k/30:1m/20",
        "iodepth" : "32",
        "numjobs" : "4",
        "size" : "1G",
        "filename" : "bench_realistic_mix.dat"
      },
      "read" : {
        "io_bytes" : 176957730816,
        "io_kbytes" : 172810284,
        "bw_bytes" : 3932306633,
        "bw" : 3840143,
        "iops" : 67320.059554,
        "runtime" : 45001,
        "total_ios" : 3029470,
        "short_ios" : 0,
        "drop_ios" : 0,
        "slat_ns" : {
          "min" : 250,
          "max" : 46406333,
          "mean" : 53434.874308,
          "stddev" : 129968.672121,
          "N" : 3029473
        },
        "clat_ns" : {
          "min" : 41,
          "max" : 65947584,
          "mean" : 1093486.718376,
          "stddev" : 1090725.772447,
          "N" : 3029555,
          "percentile" : {
            "1.000000" : 125,
            "5.000000" : 7136,
            "10.000000" : 17280,
            "20.000000" : 41728,
            "30.000000" : 284672,
            "40.000000" : 544768,
            "50.000000" : 872448,
            "60.000000" : 1204224,
            "70.000000" : 1531904,
            "80.000000" : 1941504,
            "90.000000" : 2539520,
            "95.000000" : 3063808,
            "99.000000" : 4227072,
            "99.500000" : 4751360,
            "99.900000" : 5996544,
            "99.950000" : 6782976,
            "99.990000" : 10158080
          }
        },
        "lat_ns" : {
          "min" : 1791,
          "max" : 65948167,
          "mean" : 1146921.362303,
          "stddev" : 1122249.790867,
          "N" : 3029555
        },
        "bw_min" : 1690456,
        "bw_max" : 5044240,
        "bw_agg" : 100.000000,
        "bw_mean" : 3843908.876404,
        "bw_dev" : 202057.089222,
        "bw_samples" : 356,
        "iops_min" : 40784,
        "iops_max" : 78482,
        "iops_mean" : 67383.550562,
        "iops_stddev" : 1395.162024,
        "iops_samples" : 356
      },
      "write" : {
        "io_bytes" : 75621724160,
        "io_kbytes" : 73849340,
        "bw_bytes" : 1680445415,
        "bw" : 1641059,
        "iops" : 28857.425391,
        "runtime" : 45001,
        "total_ios" : 1298613,
        "short_ios" : 0,
        "drop_ios" : 0,
        "slat_ns" : {
          "min" : 250,
          "max" : 1170458,
          "mean" : 2764.471939,
          "stddev" : 10476.149471,
          "N" : 1298613
        },
        "clat_ns" : {
          "min" : 83,
          "max" : 67415250,
          "mean" : 1755779.450466,
          "stddev" : 1203366.344445,
          "N" : 1298652,
          "percentile" : {
            "1.000000" : 232448,
            "5.000000" : 333824,
            "10.000000" : 428032,
            "20.000000" : 716800,
            "30.000000" : 1019904,
            "40.000000" : 1302528,
            "50.000000" : 1581056,
            "60.000000" : 1875968,
            "70.000000" : 2211840,
            "80.000000" : 2637824,
            "90.000000" : 3260416,
            "95.000000" : 3817472,
            "99.000000" : 5144576,
            "99.500000" : 5734400,
            "99.900000" : 7634944,
            "99.950000" : 8716288,
            "99.990000" : 19267584
          }
        },
        "lat_ns" : {
          "min" : 6375,
          "max" : 67415667,
          "mean" : 1758543.931050,
          "stddev" : 1203513.496288,
          "N" : 1298652
        },
        "bw_min" : 742376,
        "bw_max" : 2195801,
        "bw_agg" : 100.000000,
        "bw_mean" : 1642417.168539,
        "bw_dev" : 86451.223316,
        "bw_samples" : 356,
        "iops_min" : 17780,
        "iops_max" : 33713,
        "iops_mean" : 28884.438202,
        "iops_stddev" : 603.986704,
        "iops_samples" : 356
      },
      "trim" : {
        "io_bytes" : 0,
        "io_kbytes" : 0,
        "bw_bytes" : 0,
        "bw" : 0,
        "iops" : 0.000000,
        "runtime" : 0,
        "total_ios" : 0,
        "short_ios" : 0,
        "drop_ios" : 0,
        "slat_ns" : {
          "min" : 0,
          "max" : 0,
          "mean" : 0.000000,
          "stddev" : 0.000000,
          "N" : 0
        },
        "clat_ns" : {
          "min" : 0,
          "max" : 0,
          "mean" : 0.000000,
          "stddev" : 0.000000,
          "N" : 0
        },
        "lat_ns" : {
          "min" : 0,
          "max" : 0,
          "mean" : 0.000000,
          "stddev" : 0.000000,
          "N" : 0
        },
        "bw_min" : 0,
        "bw_max" : 0,
        "bw_agg" : 0.000000,
        "bw_mean" : 0.000000,
        "bw_dev" : 0.000000,
        "bw_samples" : 0,
        "iops_min" : 0,
        "iops_max" : 0,
        "iops_mean" : 0.000000,
        "iops_stddev" : 0.000000,
        "iops_samples" : 0
      },
      "sync" : {
        "total_ios" : 0,
        "lat_ns" : {
          "min" : 0,
          "max" : 0,
          "mean" : 0.000000,
          "stddev" : 0.000000,
          "N" : 0
        }
      },
      "job_runtime" : 180000,
      "usr_cpu" : 2.675000,
      "sys_cpu" : 5.793889,
      "ctx" : 1278894,
      "majf" : 0,
      "minf" : 44,
      "iodepth_level" : {
        "1" : 0.000000,
        "2" : 0.000000,
        "4" : 0.000000,
        "8" : 0.000000,
        "16" : 0.000000,
        "32" : 100.000000,
        ">=64" : 0.000000
      },
      "iodepth_submit" : {
        "0" : 0.000000,
        "4" : 100.000000,
        "8" : 0.000000,
        "16" : 0.000000,
        "32" : 0.000000,
        "64" : 0.000000,
        ">=64" : 0.000000
      },
      "iodepth_complete" : {
        "0" : 0.000000,
        "4" : 99.999908,
        "8" : 0.000000,
        "16" : 0.000000,
        "32" : 0.100000,
        "64" : 0.000000,
        ">=64" : 0.000000
      },
      "latency_ns" : {
        "2" : 0.000000,
        "4" : 0.000000,
        "10" : 0.000000,
        "20" : 0.000000,
        "50" : 0.112844,
        "100" : 0.470740,
        "250" : 0.262772,
        "500" : 0.203023,
        "750" : 0.120238,
        "1000" : 0.163629
      },
      "latency_us" : {
        "2" : 0.261016,
        "4" : 0.781593,
        "10" : 2.128009,
        "20" : 3.335195,
        "50" : 7.749551,
        "100" : 2.132884,
        "250" : 2.913576,
        "500" : 10.299363,
        "750" : 7.750729,
        "1000" : 7.864960
      },
      "latency_ms" : {
        "2" : 29.431668,
        "4" : 21.826268,
        "10" : 2.179071,
        "20" : 0.010000,
        "50" : 0.010000,
        "100" : 0.010000,
        "250" : 0.000000,
        "500" : 0.000000,
        "750" : 0.000000,
        "1000" : 0.000000,
        "2000" : 0.000000,
        ">=2000" : 0.000000
      },
      "latency_depth" : 32,
      "latency_target" : 0,
      "latency_percentile" : 100.000000,
      "latency_window" : 0
    }
  ]
}
