{
  "fio version" : "fio-3.36",
  "timestamp" : 1775306736,
  "timestamp_ms" : 1775306736339,
  "time" : "Sat Apr  4 18:15:36 2026",
  "global options" : {
    "directory" : "/home/kishore/benchmark_arena/arcfs_mount",
    "ioengine" : "io_uring",
    "direct" : "1",
    "group_reporting" : "1",
    "thread" : "1",
    "randrepeat" : "1",
    "randseed" : "42",
    "fallocate" : "none",
    "verify" : "crc32c",
    "do_verify" : "1",
    "verify_fatal" : "1"
  },
  "jobs" : [
    {
      "jobname" : "fsync4k_verify",
      "groupid" : 0,
      "job_start" : 1775306666707,
      "error" : 0,
      "eta" : 0,
      "elapsed" : 70,
      "job options" : {
        "rw" : "randwrite",
        "bs" : "4k",
        "iodepth" : "1",
        "numjobs" : "1",
        "size" : "32M",
        "fsync" : "16",
        "filename" : "integrity_fsync4k.dat"
      },
      "read" : {
        "io_bytes" : 33554432,
        "io_kbytes" : 32768,
        "bw_bytes" : 220752842,
        "bw" : 215578,
        "iops" : 53894.736842,
        "runtime" : 152,
        "total_ios" : 8192,
        "short_ios" : 0,
        "drop_ios" : 0,
        "slat_ns" : {
          "min" : 1750,
          "max" : 30170,
          "mean" : 2399.152100,
          "stddev" : 1139.140808,
          "N" : 8192
        },
        "clat_ns" : {
          "min" : 41,
          "max" : 6501,
          "mean" : 75.463135,
          "stddev" : 89.968067,
          "N" : 8192,
          "percentile" : {
            "1.000000" : 41,
            "5.000000" : 41,
            "10.000000" : 41,
            "20.000000" : 42,
            "30.000000" : 42,
            "40.000000" : 42,
            "50.000000" : 83,
            "60.000000" : 83,
            "70.000000" : 83,
            "80.000000" : 84,
            "90.000000" : 84,
            "95.000000" : 84,
            "99.000000" : 334,
            "99.500000" : 374,
            "99.900000" : 580,
            "99.950000" : 876,
            "99.990000" : 6496
          }
        },
        "lat_ns" : {
          "min" : 1833,
          "max" : 30628,
          "mean" : 2474.615234,
          "stddev" : 1181.978324,
          "N" : 8192
        },
        "bw_min" : 0,
        "bw_max" : 0,
        "bw_agg" : 0.000000,
        "bw_mean" : 0.000000,
        "bw_dev" : 0.000000,
        "bw_samples" : 0,
        "iops_min" : 0,
        "iops_max" : 0,
        "iops_mean" : 0.000000,
        "iops_stddev" : 0.000000,
        "iops_samples" : 0
      },
      "write" : {
        "io_bytes" : 33554432,
        "io_kbytes" : 32768,
        "bw_bytes" : 483089,
        "bw" : 471,
        "iops" : 117.941778,
        "runtime" : 69458,
        "total_ios" : 8192,
        "short_ios" : 0,
        "drop_ios" : 0,
        "slat_ns" : {
          "min" : 2834,
          "max" : 4273523,
          "mean" : 7813.258911,
          "stddev" : 84854.174047,
          "N" : 8192
        },
        "clat_ns" : {
          "min" : 41,
          "max" : 9293,
          "mean" : 122.653198,
          "stddev" : 189.714485,
          "N" : 8192,
          "percentile" : {
            "1.000000" : 41,
            "5.000000" : 41,
            "10.000000" : 42,
            "20.000000" : 83,
            "30.000000" : 83,
            "40.000000" : 83,
            "50.000000" : 83,
            "60.000000" : 83,
            "70.000000" : 84,
            "80.000000" : 84,
            "90.000000" : 125,
            "95.000000" : 502,
            "99.000000" : 796,
            "99.500000" : 916,
            "99.900000" : 1368,
            "99.950000" : 1704,
            "99.990000" : 9280
          }
        },
        "lat_ns" : {
          "min" : 2959,
          "max" : 4275564,
          "mean" : 7935.912109,
          "stddev" : 84909.554369,
          "N" : 8192
        },
        "bw_min" : 94,
        "bw_max" : 633,
        "bw_agg" : 100.000000,
        "bw_mean" : 472.710145,
        "bw_dev" : 78.820336,
        "bw_samples" : 138,
        "iops_min" : 23,
        "iops_max" : 158,
        "iops_mean" : 117.992754,
        "iops_stddev" : 19.733071,
        "iops_samples" : 138
      },
      "trim" : {
        "io_bytes" : 0,
        "io_kbytes" : 0,
        "bw_bytes" : 0,
        "bw" : 0,
        "iops" : 0.000000,
        "runtime" : 0,
        "total_ios" : 0,
        "short_ios" : 0,
        "drop_ios" : 0,
        "slat_ns" : {
          "min" : 0,
          "max" : 0,
          "mean" : 0.000000,
          "stddev" : 0.000000,
          "N" : 0
        },
        "clat_ns" : {
          "min" : 0,
          "max" : 0,
          "mean" : 0.000000,
          "stddev" : 0.000000,
          "N" : 0
        },
        "lat_ns" : {
          "min" : 0,
          "max" : 0,
          "mean" : 0.000000,
          "stddev" : 0.000000,
          "N" : 0
        },
        "bw_min" : 0,
        "bw_max" : 0,
        "bw_agg" : 0.000000,
        "bw_mean" : 0.000000,
        "bw_dev" : 0.000000,
        "bw_samples" : 0,
        "iops_min" : 0,
        "iops_max" : 0,
        "iops_mean" : 0.000000,
        "iops_stddev" : 0.000000,
        "iops_samples" : 0
      },
      "sync" : {
        "total_ios" : 511,
        "lat_ns" : {
          "min" : 118180389,
          "max" : 753650511,
          "mean" : 135521408.272016,
          "stddev" : 40142032.289889,
          "N" : 511,
          "percentile" : {
            "1.000000" : 119013376,
            "5.000000" : 122159104,
            "10.000000" : 124256256,
            "20.000000" : 125304832,
            "30.000000" : 125304832,
            "40.000000" : 126353408,
            "50.000000" : 127401984,
            "60.000000" : 128450560,
            "70.000000" : 129499136,
            "80.000000" : 131596288,
            "90.000000" : 166723584,
            "95.000000" : 179306496,
            "99.000000" : 198180864,
            "99.500000" : 200278016,
            "99.900000" : 750780416,
            "99.950000" : 750780416,
            "99.990000" : 750780416
          }
        }
      },
      "job_runtime" : 69608,
      "usr_cpu" : 0.034479,
      "sys_cpu" : 0.027296,
      "ctx" : 17008,
      "majf" : 0,
      "minf" : 205,
      "iodepth_level" : {
        "1" : 103.118896,
        "2" : 0.000000,
        "4" : 0.000000,
        "8" : 0.000000,
        "16" : 0.000000,
        "32" : 0.000000,
        ">=64" : 0.000000
      },
      "iodepth_submit" : {
        "0" : 0.000000,
        "4" : 100.000000,
        "8" : 0.000000,
        "16" : 0.000000,
        "32" : 0.000000,
        "64" : 0.000000,
        ">=64" : 0.000000
      },
      "iodepth_complete" : {
        "0" : 0.000000,
        "4" : 100.000000,
        "8" : 0.000000,
        "16" : 0.000000,
        "32" : 0.000000,
        "64" : 0.000000,
        ">=64" : 0.000000
      },
      "latency_ns" : {
        "2" : 0.000000,
        "4" : 0.000000,
        "10" : 0.000000,
        "20" : 0.000000,
        "50" : 29.614258,
        "100" : 59.948730,
        "250" : 4.571533,
        "500" : 3.045654,
        "750" : 2.038574,
        "1000" : 0.573730
      },
      "latency_us" : {
        "2" : 0.177002,
        "4" : 0.018311,
        "10" : 0.012207,
        "20" : 0.000000,
        "50" : 0.000000,
        "100" : 0.000000,
        "250" : 0.000000,
        "500" : 0.000000,
        "750" : 0.000000,
        "1000" : 0.000000
      },
      "latency_ms" : {
        "2" : 0.000000,
        "4" : 0.000000,
        "10" : 0.000000,
        "20" : 0.000000,
        "50" : 0.000000,
        "100" : 0.000000,
        "250" : 0.000000,
        "500" : 0.000000,
        "750" : 0.000000,
        "1000" : 0.000000,
        "2000" : 0.000000,
        ">=2000" : 0.000000
      },
      "latency_depth" : 1,
      "latency_target" : 0,
      "latency_percentile" : 100.000000,
      "latency_window" : 0
    }
  ]
}
