{
  "fio version" : "fio-3.36",
  "timestamp" : 1775305211,
  "timestamp_ms" : 1775305211546,
  "time" : "Sat Apr  4 17:50:11 2026",
  "global options" : {
    "directory" : "/home/kishore/benchmark_arena/arcfs_mount",
    "ioengine" : "io_uring",
    "direct" : "1",
    "group_reporting" : "1",
    "thread" : "1",
    "randrepeat" : "1",
    "randseed" : "42",
    "fallocate" : "none",
    "verify" : "crc32c",
    "do_verify" : "1",
    "verify_fatal" : "1"
  },
  "jobs" : [
    {
      "jobname" : "rand64k_verify",
      "groupid" : 0,
      "job_start" : 1775305203483,
      "error" : 0,
      "eta" : 0,
      "elapsed" : 9,
      "job options" : {
        "rw" : "randwrite",
        "bs" : "64k",
        "iodepth" : "16",
        "numjobs" : "1",
        "size" : "1G",
        "end_fsync" : "1",
        "filename" : "integrity_rand64k.dat"
      },
      "read" : {
        "io_bytes" : 1073741824,
        "io_kbytes" : 1048576,
        "bw_bytes" : 2186846892,
        "bw" : 2135592,
        "iops" : 33368.635438,
        "runtime" : 491,
        "total_ios" : 16384,
        "short_ios" : 0,
        "drop_ios" : 0,
        "slat_ns" : {
          "min" : 6542,
          "max" : 1004042,
          "mean" : 25674.056824,
          "stddev" : 35617.949684,
          "N" : 16384
        },
        "clat_ns" : {
          "min" : 6084,
          "max" : 4243427,
          "mean" : 448417.484314,
          "stddev" : 289891.968247,
          "N" : 16384,
          "percentile" : {
            "1.000000" : 224256,
            "5.000000" : 254976,
            "10.000000" : 276480,
            "20.000000" : 301056,
            "30.000000" : 321536,
            "40.000000" : 346112,
            "50.000000" : 370688,
            "60.000000" : 395264,
            "70.000000" : 432128,
            "80.000000" : 493568,
            "90.000000" : 708608,
            "95.000000" : 913408,
            "99.000000" : 1794048,
            "99.500000" : 2244608,
            "99.900000" : 3162112,
            "99.950000" : 3850240,
            "99.990000" : 4227072
          }
        },
        "lat_ns" : {
          "min" : 62628,
          "max" : 4508980,
          "mean" : 474091.541138,
          "stddev" : 306488.960612,
          "N" : 16384
        },
        "bw_min" : 0,
        "bw_max" : 0,
        "bw_agg" : 0.000000,
        "bw_mean" : 0.000000,
        "bw_dev" : 0.000000,
        "bw_samples" : 0,
        "iops_min" : 0,
        "iops_max" : 0,
        "iops_mean" : 0.000000,
        "iops_stddev" : 0.000000,
        "iops_samples" : 0
      },
      "write" : {
        "io_bytes" : 1073741824,
        "io_kbytes" : 1048576,
        "bw_bytes" : 143817549,
        "bw" : 140446,
        "iops" : 2194.481650,
        "runtime" : 7466,
        "total_ios" : 16384,
        "short_ios" : 0,
        "drop_ios" : 0,
        "slat_ns" : {
          "min" : 16209,
          "max" : 353573189,
          "mean" : 66856.359009,
          "stddev" : 2763347.226292,
          "N" : 16384
        },
        "clat_ns" : {
          "min" : 1000,
          "max" : 13647569,
          "mean" : 688002.967834,
          "stddev" : 268637.422798,
          "N" : 16384,
          "percentile" : {
            "1.000000" : 257024,
            "5.000000" : 272384,
            "10.000000" : 675840,
            "20.000000" : 684032,
            "30.000000" : 692224,
            "40.000000" : 692224,
            "50.000000" : 700416,
            "60.000000" : 708608,
            "70.000000" : 716800,
            "80.000000" : 724992,
            "90.000000" : 741376,
            "95.000000" : 757760,
            "99.000000" : 839680,
            "99.500000" : 937984,
            "99.900000" : 5013504,
            "99.950000" : 6455296,
            "99.990000" : 6520832
          }
        },
        "lat_ns" : {
          "min" : 45336,
          "max" : 367220758,
          "mean" : 754859.326843,
          "stddev" : 2876456.341742,
          "N" : 16384
        },
        "bw_min" : 21518,
        "bw_max" : 1349968,
        "bw_agg" : 100.000000,
        "bw_mean" : 605354.666667,
        "bw_dev" : 678661.699990,
        "bw_samples" : 3,
        "iops_min" : 336,
        "iops_max" : 21093,
        "iops_mean" : 9458.333333,
        "iops_stddev" : 10604.108936,
        "iops_samples" : 3
      },
      "trim" : {
        "io_bytes" : 0,
        "io_kbytes" : 0,
        "bw_bytes" : 0,
        "bw" : 0,
        "iops" : 0.000000,
        "runtime" : 0,
        "total_ios" : 0,
        "short_ios" : 0,
        "drop_ios" : 0,
        "slat_ns" : {
          "min" : 0,
          "max" : 0,
          "mean" : 0.000000,
          "stddev" : 0.000000,
          "N" : 0
        },
        "clat_ns" : {
          "min" : 0,
          "max" : 0,
          "mean" : 0.000000,
          "stddev" : 0.000000,
          "N" : 0
        },
        "lat_ns" : {
          "min" : 0,
          "max" : 0,
          "mean" : 0.000000,
          "stddev" : 0.000000,
          "N" : 0
        },
        "bw_min" : 0,
        "bw_max" : 0,
        "bw_agg" : 0.000000,
        "bw_mean" : 0.000000,
        "bw_dev" : 0.000000,
        "bw_samples" : 0,
        "iops_min" : 0,
        "iops_max" : 0,
        "iops_mean" : 0.000000,
        "iops_stddev" : 0.000000,
        "iops_samples" : 0
      },
      "sync" : {
        "total_ios" : 0,
        "lat_ns" : {
          "min" : 0,
          "max" : 0,
          "mean" : 0.000000,
          "stddev" : 0.000000,
          "N" : 0
        }
      },
      "job_runtime" : 7955,
      "usr_cpu" : 3.884349,
      "sys_cpu" : 1.785041,
      "ctx" : 32833,
      "majf" : 0,
      "minf" : 429,
      "iodepth_level" : {
        "1" : 0.100000,
        "2" : 0.100000,
        "4" : 0.100000,
        "8" : 0.100000,
        "16" : 99.908447,
        "32" : 0.000000,
        ">=64" : 0.000000
      },
      "iodepth_submit" : {
        "0" : 0.000000,
        "4" : 100.000000,
        "8" : 0.000000,
        "16" : 0.000000,
        "32" : 0.000000,
        "64" : 0.000000,
        ">=64" : 0.000000
      },
      "iodepth_complete" : {
        "0" : 0.000000,
        "4" : 99.993891,
        "8" : 0.000000,
        "16" : 0.100000,
        "32" : 0.000000,
        "64" : 0.000000,
        ">=64" : 0.000000
      },
      "latency_ns" : {
        "2" : 0.000000,
        "4" : 0.000000,
        "10" : 0.000000,
        "20" : 0.000000,
        "50" : 0.000000,
        "100" : 0.000000,
        "250" : 0.000000,
        "500" : 0.000000,
        "750" : 0.000000,
        "1000" : 0.000000
      },
      "latency_us" : {
        "2" : 0.010000,
        "4" : 0.000000,
        "10" : 0.010000,
        "20" : 0.000000,
        "50" : 0.010000,
        "100" : 0.010000,
        "250" : 1.950073,
        "500" : 42.272949,
        "750" : 47.531128,
        "1000" : 6.137085
      },
      "latency_ms" : {
        "2" : 1.571655,
        "4" : 0.424194,
        "10" : 0.094604,
        "20" : 0.010000,
        "50" : 0.000000,
        "100" : 0.000000,
        "250" : 0.000000,
        "500" : 0.000000,
        "750" : 0.000000,
        "1000" : 0.000000,
        "2000" : 0.000000,
        ">=2000" : 0.000000
      },
      "latency_depth" : 16,
      "latency_target" : 0,
      "latency_percentile" : 100.000000,
      "latency_window" : 0
    }
  ]
}
