{
  "fio version" : "fio-3.36",
  "timestamp" : 1775305193,
  "timestamp_ms" : 1775305193374,
  "time" : "Sat Apr  4 17:49:53 2026",
  "global options" : {
    "directory" : "/home/kishore/benchmark_arena/arcfs_mount",
    "ioengine" : "io_uring",
    "direct" : "1",
    "group_reporting" : "1",
    "thread" : "1",
    "randrepeat" : "1",
    "randseed" : "42",
    "fallocate" : "none",
    "verify" : "crc32c",
    "do_verify" : "1",
    "verify_fatal" : "1"
  },
  "jobs" : [
    {
      "jobname" : "rand4k_verify",
      "groupid" : 0,
      "job_start" : 1775305173111,
      "error" : 0,
      "eta" : 0,
      "elapsed" : 21,
      "job options" : {
        "rw" : "randwrite",
        "bs" : "4k",
        "iodepth" : "32",
        "numjobs" : "1",
        "size" : "1G",
        "end_fsync" : "1",
        "filename" : "integrity_rand4k.dat"
      },
      "read" : {
        "io_bytes" : 1073741824,
        "io_kbytes" : 1048576,
        "bw_bytes" : 456717066,
        "bw" : 446012,
        "iops" : 111503.190132,
        "runtime" : 2351,
        "total_ios" : 262144,
        "short_ios" : 0,
        "drop_ios" : 0,
        "slat_ns" : {
          "min" : 1792,
          "max" : 3036793,
          "mean" : 8049.380299,
          "stddev" : 15088.323456,
          "N" : 262144
        },
        "clat_ns" : {
          "min" : 708,
          "max" : 13801866,
          "mean" : 278018.668835,
          "stddev" : 336873.178462,
          "N" : 262144,
          "percentile" : {
            "1.000000" : 92672,
            "5.000000" : 103936,
            "10.000000" : 112128,
            "20.000000" : 124416,
            "30.000000" : 136192,
            "40.000000" : 148480,
            "50.000000" : 160768,
            "60.000000" : 175104,
            "70.000000" : 193536,
            "80.000000" : 252928,
            "90.000000" : 765952,
            "95.000000" : 1036288,
            "99.000000" : 1171456,
            "99.500000" : 1286144,
            "99.900000" : 2539520,
            "99.950000" : 3751936,
            "99.990000" : 9371648
          }
        },
        "lat_ns" : {
          "min" : 3416,
          "max" : 14191133,
          "mean" : 286068.049133,
          "stddev" : 346835.008641,
          "N" : 262144
        },
        "bw_min" : 0,
        "bw_max" : 0,
        "bw_agg" : 0.000000,
        "bw_mean" : 0.000000,
        "bw_dev" : 0.000000,
        "bw_samples" : 0,
        "iops_min" : 0,
        "iops_max" : 0,
        "iops_mean" : 0.000000,
        "iops_stddev" : 0.000000,
        "iops_samples" : 0
      },
      "write" : {
        "io_bytes" : 1073741824,
        "io_kbytes" : 1048576,
        "bw_bytes" : 60231212,
        "bw" : 58819,
        "iops" : 14704.885847,
        "runtime" : 17827,
        "total_ios" : 262144,
        "short_ios" : 0,
        "drop_ios" : 0,
        "slat_ns" : {
          "min" : 2833,
          "max" : 369714820,
          "mean" : 9421.862839,
          "stddev" : 723020.171000,
          "N" : 262144
        },
        "clat_ns" : {
          "min" : 333,
          "max" : 14824701,
          "mean" : 259783.251293,
          "stddev" : 339829.622990,
          "N" : 262144,
          "percentile" : {
            "1.000000" : 111104,
            "5.000000" : 113152,
            "10.000000" : 116224,
            "20.000000" : 120320,
            "30.000000" : 125440,
            "40.000000" : 132096,
            "50.000000" : 140288,
            "60.000000" : 154624,
            "70.000000" : 181248,
            "80.000000" : 228352,
            "90.000000" : 913408,
            "95.000000" : 978944,
            "99.000000" : 1089536,
            "99.500000" : 1318912,
            "99.900000" : 3948544,
            "99.950000" : 4227072,
            "99.990000" : 12517376
          }
        },
        "lat_ns" : {
          "min" : 3417,
          "max" : 384539521,
          "mean" : 269205.114132,
          "stddev" : 827603.719200,
          "N" : 262144
        },
        "bw_min" : 3836,
        "bw_max" : 858404,
        "bw_agg" : 100.000000,
        "bw_mean" : 327639.166667,
        "bw_dev" : 362633.348777,
        "bw_samples" : 6,
        "iops_min" : 959,
        "iops_max" : 214601,
        "iops_mean" : 81909.666667,
        "iops_stddev" : 90658.368921,
        "iops_samples" : 6
      },
      "trim" : {
        "io_bytes" : 0,
        "io_kbytes" : 0,
        "bw_bytes" : 0,
        "bw" : 0,
        "iops" : 0.000000,
        "runtime" : 0,
        "total_ios" : 0,
        "short_ios" : 0,
        "drop_ios" : 0,
        "slat_ns" : {
          "min" : 0,
          "max" : 0,
          "mean" : 0.000000,
          "stddev" : 0.000000,
          "N" : 0
        },
        "clat_ns" : {
          "min" : 0,
          "max" : 0,
          "mean" : 0.000000,
          "stddev" : 0.000000,
          "N" : 0
        },
        "lat_ns" : {
          "min" : 0,
          "max" : 0,
          "mean" : 0.000000,
          "stddev" : 0.000000,
          "N" : 0
        },
        "bw_min" : 0,
        "bw_max" : 0,
        "bw_agg" : 0.000000,
        "bw_mean" : 0.000000,
        "bw_dev" : 0.000000,
        "bw_samples" : 0,
        "iops_min" : 0,
        "iops_max" : 0,
        "iops_mean" : 0.000000,
        "iops_stddev" : 0.000000,
        "iops_samples" : 0
      },
      "sync" : {
        "total_ios" : 0,
        "lat_ns" : {
          "min" : 0,
          "max" : 0,
          "mean" : 0.000000,
          "stddev" : 0.000000,
          "N" : 0
        }
      },
      "job_runtime" : 20176,
      "usr_cpu" : 3.692506,
      "sys_cpu" : 4.292228,
      "ctx" : 525244,
      "majf" : 0,
      "minf" : 7286,
      "iodepth_level" : {
        "1" : 0.100000,
        "2" : 0.100000,
        "4" : 0.100000,
        "8" : 0.100000,
        "16" : 0.100000,
        "32" : 99.988174,
        ">=64" : 0.000000
      },
      "iodepth_submit" : {
        "0" : 0.000000,
        "4" : 100.000000,
        "8" : 0.000000,
        "16" : 0.000000,
        "32" : 0.000000,
        "64" : 0.000000,
        ">=64" : 0.000000
      },
      "iodepth_complete" : {
        "0" : 0.000000,
        "4" : 99.999618,
        "8" : 0.000000,
        "16" : 0.000000,
        "32" : 0.100000,
        "64" : 0.000000,
        ">=64" : 0.000000
      },
      "latency_ns" : {
        "2" : 0.000000,
        "4" : 0.000000,
        "10" : 0.000000,
        "20" : 0.000000,
        "50" : 0.000000,
        "100" : 0.000000,
        "250" : 0.000000,
        "500" : 0.010000,
        "750" : 0.010000,
        "1000" : 0.000000
      },
      "latency_us" : {
        "2" : 0.000000,
        "4" : 0.010000,
        "10" : 0.010000,
        "20" : 0.010000,
        "50" : 0.010000,
        "100" : 1.548386,
        "250" : 79.477501,
        "500" : 5.109406,
        "750" : 3.323174,
        "1000" : 5.473137
      },
      "latency_ms" : {
        "2" : 4.874039,
        "4" : 0.117493,
        "10" : 0.061417,
        "20" : 0.010490,
        "50" : 0.000000,
        "100" : 0.000000,
        "250" : 0.000000,
        "500" : 0.000000,
        "750" : 0.000000,
        "1000" : 0.000000,
        "2000" : 0.000000,
        ">=2000" : 0.000000
      },
      "latency_depth" : 32,
      "latency_target" : 0,
      "latency_percentile" : 100.000000,
      "latency_window" : 0
    }
  ]
}
