{
  "fio version" : "fio-3.36",
  "timestamp" : 1775305125,
  "timestamp_ms" : 1775305125305,
  "time" : "Sat Apr  4 17:48:45 2026",
  "global options" : {
    "directory" : "/home/kishore/benchmark_arena/arcfs_mount",
    "ioengine" : "io_uring",
    "direct" : "1",
    "group_reporting" : "1",
    "thread" : "1",
    "randrepeat" : "1",
    "randseed" : "42",
    "fallocate" : "none",
    "verify" : "crc32c",
    "do_verify" : "1",
    "verify_fatal" : "1"
  },
  "jobs" : [
    {
      "jobname" : "seq_verify",
      "groupid" : 0,
      "job_start" : 1775305084810,
      "error" : 0,
      "eta" : 0,
      "elapsed" : 41,
      "job options" : {
        "rw" : "write",
        "bs" : "128k",
        "iodepth" : "16",
        "numjobs" : "1",
        "size" : "2G",
        "end_fsync" : "1",
        "filename" : "integrity_seq.dat"
      },
      "read" : {
        "io_bytes" : 2147483648,
        "io_kbytes" : 2097152,
        "bw_bytes" : 1591907819,
        "bw" : 1554597,
        "iops" : 12145.292809,
        "runtime" : 1349,
        "total_ios" : 16384,
        "short_ios" : 0,
        "drop_ios" : 0,
        "slat_ns" : {
          "min" : 10042,
          "max" : 12613192,
          "mean" : 74043.485291,
          "stddev" : 164515.940867,
          "N" : 16384
        },
        "clat_ns" : {
          "min" : 6209,
          "max" : 18903746,
          "mean" : 1232083.586426,
          "stddev" : 1189673.027564,
          "N" : 16384,
          "percentile" : {
            "1.000000" : 250880,
            "5.000000" : 272384,
            "10.000000" : 643072,
            "20.000000" : 815104,
            "30.000000" : 913408,
            "40.000000" : 978944,
            "50.000000" : 1044480,
            "60.000000" : 1122304,
            "70.000000" : 1269760,
            "80.000000" : 1433600,
            "90.000000" : 1597440,
            "95.000000" : 1925120,
            "99.000000" : 6455296,
            "99.500000" : 10289152,
            "99.900000" : 16318464,
            "99.950000" : 17170432,
            "99.990000" : 18743296
          }
        },
        "lat_ns" : {
          "min" : 16626,
          "max" : 18984041,
          "mean" : 1306127.071716,
          "stddev" : 1251253.861331,
          "N" : 16384
        },
        "bw_min" : 0,
        "bw_max" : 0,
        "bw_agg" : 0.000000,
        "bw_mean" : 0.000000,
        "bw_dev" : 0.000000,
        "bw_samples" : 0,
        "iops_min" : 0,
        "iops_max" : 0,
        "iops_mean" : 0.000000,
        "iops_stddev" : 0.000000,
        "iops_samples" : 0
      },
      "write" : {
        "io_bytes" : 2147483648,
        "io_kbytes" : 2097152,
        "bw_bytes" : 54973470,
        "bw" : 53685,
        "iops" : 419.414294,
        "runtime" : 39064,
        "total_ios" : 16384,
        "short_ios" : 0,
        "drop_ios" : 0,
        "slat_ns" : {
          "min" : 35543,
          "max" : 6318222,
          "mean" : 48785.065369,
          "stddev" : 75279.802837,
          "N" : 16384
        },
        "clat_ns" : {
          "min" : 667,
          "max" : 7748739,
          "mean" : 736976.074768,
          "stddev" : 363954.742450,
          "N" : 16384,
          "percentile" : {
            "1.000000" : 552960,
            "5.000000" : 561152,
            "10.000000" : 561152,
            "20.000000" : 569344,
            "30.000000" : 577536,
            "40.000000" : 593920,
            "50.000000" : 610304,
            "60.000000" : 667648,
            "70.000000" : 880640,
            "80.000000" : 929792,
            "90.000000" : 962560,
            "95.000000" : 1011712,
            "99.000000" : 1335296,
            "99.500000" : 1662976,
            "99.900000" : 6782976,
            "99.950000" : 7700480,
            "99.990000" : 7766016
          }
        },
        "lat_ns" : {
          "min" : 71045,
          "max" : 7849161,
          "mean" : 785761.140137,
          "stddev" : 380148.895877,
          "N" : 16384
        },
        "bw_min" : 17869,
        "bw_max" : 2786539,
        "bw_agg" : 100.000000,
        "bw_mean" : 1402204.000000,
        "bw_dev" : 1957745.331868,
        "bw_samples" : 2,
        "iops_min" : 139,
        "iops_max" : 21769,
        "iops_mean" : 10954.000000,
        "iops_stddev" : 15294.719677,
        "iops_samples" : 2
      },
      "trim" : {
        "io_bytes" : 0,
        "io_kbytes" : 0,
        "bw_bytes" : 0,
        "bw" : 0,
        "iops" : 0.000000,
        "runtime" : 0,
        "total_ios" : 0,
        "short_ios" : 0,
        "drop_ios" : 0,
        "slat_ns" : {
          "min" : 0,
          "max" : 0,
          "mean" : 0.000000,
          "stddev" : 0.000000,
          "N" : 0
        },
        "clat_ns" : {
          "min" : 0,
          "max" : 0,
          "mean" : 0.000000,
          "stddev" : 0.000000,
          "N" : 0
        },
        "lat_ns" : {
          "min" : 0,
          "max" : 0,
          "mean" : 0.000000,
          "stddev" : 0.000000,
          "N" : 0
        },
        "bw_min" : 0,
        "bw_max" : 0,
        "bw_agg" : 0.000000,
        "bw_mean" : 0.000000,
        "bw_dev" : 0.000000,
        "bw_samples" : 0,
        "iops_min" : 0,
        "iops_max" : 0,
        "iops_mean" : 0.000000,
        "iops_stddev" : 0.000000,
        "iops_samples" : 0
      },
      "sync" : {
        "total_ios" : 0,
        "lat_ns" : {
          "min" : 0,
          "max" : 0,
          "mean" : 0.000000,
          "stddev" : 0.000000,
          "N" : 0
        }
      },
      "job_runtime" : 40411,
      "usr_cpu" : 1.234812,
      "sys_cpu" : 0.314271,
      "ctx" : 32782,
      "majf" : 76,
      "minf" : 1035,
      "iodepth_level" : {
        "1" : 0.100000,
        "2" : 0.100000,
        "4" : 0.100000,
        "8" : 0.100000,
        "16" : 99.908447,
        "32" : 0.000000,
        ">=64" : 0.000000
      },
      "iodepth_submit" : {
        "0" : 0.000000,
        "4" : 100.000000,
        "8" : 0.000000,
        "16" : 0.000000,
        "32" : 0.000000,
        "64" : 0.000000,
        ">=64" : 0.000000
      },
      "iodepth_complete" : {
        "0" : 0.000000,
        "4" : 99.993891,
        "8" : 0.000000,
        "16" : 0.100000,
        "32" : 0.000000,
        "64" : 0.000000,
        ">=64" : 0.000000
      },
      "latency_ns" : {
        "2" : 0.000000,
        "4" : 0.000000,
        "10" : 0.000000,
        "20" : 0.000000,
        "50" : 0.000000,
        "100" : 0.000000,
        "250" : 0.000000,
        "500" : 0.000000,
        "750" : 0.010000,
        "1000" : 0.000000
      },
      "latency_us" : {
        "2" : 0.000000,
        "4" : 0.000000,
        "10" : 0.010000,
        "20" : 0.000000,
        "50" : 0.010000,
        "100" : 0.012207,
        "250" : 0.466919,
        "500" : 3.002930,
        "750" : 37.417603,
        "1000" : 28.118896
      },
      "latency_ms" : {
        "2" : 28.417969,
        "4" : 1.470947,
        "10" : 0.811768,
        "20" : 0.268555,
        "50" : 0.000000,
        "100" : 0.000000,
        "250" : 0.000000,
        "500" : 0.000000,
        "750" : 0.000000,
        "1000" : 0.000000,
        "2000" : 0.000000,
        ">=2000" : 0.000000
      },
      "latency_depth" : 16,
      "latency_target" : 0,
      "latency_percentile" : 100.000000,
      "latency_window" : 0
    }
  ]
}
