{
  "fio version" : "fio-3.36",
  "timestamp" : 1774700585,
  "timestamp_ms" : 1774700585740,
  "time" : "Sat Mar 28 17:53:05 2026",
  "global options" : {
    "directory" : "/home/kishore/benchmark_arena/ext4_mount"
  },
  "jobs" : [
    {
      "jobname" : "rand_write",
      "groupid" : 0,
      "job_start" : 1774700577408,
      "error" : 0,
      "eta" : 0,
      "elapsed" : 9,
      "job options" : {
        "rw" : "randwrite",
        "bs" : "4K",
        "size" : "1G",
        "iodepth" : "32",
        "direct" : "1",
        "fallocate" : "none"
      },
      "read" : {
        "io_bytes" : 0,
        "io_kbytes" : 0,
        "bw_bytes" : 0,
        "bw" : 0,
        "iops" : 0.000000,
        "runtime" : 0,
        "total_ios" : 0,
        "short_ios" : 0,
        "drop_ios" : 0,
        "slat_ns" : {
          "min" : 0,
          "max" : 0,
          "mean" : 0.000000,
          "stddev" : 0.000000,
          "N" : 0
        },
        "clat_ns" : {
          "min" : 0,
          "max" : 0,
          "mean" : 0.000000,
          "stddev" : 0.000000,
          "N" : 0
        },
        "lat_ns" : {
          "min" : 0,
          "max" : 0,
          "mean" : 0.000000,
          "stddev" : 0.000000,
          "N" : 0
        },
        "bw_min" : 0,
        "bw_max" : 0,
        "bw_agg" : 0.000000,
        "bw_mean" : 0.000000,
        "bw_dev" : 0.000000,
        "bw_samples" : 0,
        "iops_min" : 0,
        "iops_max" : 0,
        "iops_mean" : 0.000000,
        "iops_stddev" : 0.000000,
        "iops_samples" : 0
      },
      "write" : {
        "io_bytes" : 1073741824,
        "io_kbytes" : 1048576,
        "bw_bytes" : 129102058,
        "bw" : 126076,
        "iops" : 31519.057352,
        "runtime" : 8317,
        "total_ios" : 262144,
        "short_ios" : 0,
        "drop_ios" : 0,
        "slat_ns" : {
          "min" : 0,
          "max" : 0,
          "mean" : 0.000000,
          "stddev" : 0.000000,
          "N" : 0
        },
        "clat_ns" : {
          "min" : 3792,
          "max" : 22238260,
          "mean" : 31177.559753,
          "stddev" : 193491.821995,
          "N" : 262144,
          "percentile" : {
            "1.000000" : 5984,
            "5.000000" : 7008,
            "10.000000" : 7904,
            "20.000000" : 10176,
            "30.000000" : 17024,
            "40.000000" : 19072,
            "50.000000" : 22144,
            "60.000000" : 29056,
            "70.000000" : 33024,
            "80.000000" : 35584,
            "90.000000" : 40192,
            "95.000000" : 47360,
            "99.000000" : 105984,
            "99.500000" : 156672,
            "99.900000" : 1662976,
            "99.950000" : 3391488,
            "99.990000" : 9502720
          }
        },
        "lat_ns" : {
          "min" : 3833,
          "max" : 22238302,
          "mean" : 31230.620914,
          "stddev" : 193494.006657,
          "N" : 262144
        },
        "bw_min" : 39304,
        "bw_max" : 210224,
        "bw_agg" : 99.691275,
        "bw_mean" : 125687.625000,
        "bw_dev" : 42905.180877,
        "bw_samples" : 16,
        "iops_min" : 9826,
        "iops_max" : 52556,
        "iops_mean" : 31421.750000,
        "iops_stddev" : 10726.332958,
        "iops_samples" : 16
      },
      "trim" : {
        "io_bytes" : 0,
        "io_kbytes" : 0,
        "bw_bytes" : 0,
        "bw" : 0,
        "iops" : 0.000000,
        "runtime" : 0,
        "total_ios" : 0,
        "short_ios" : 0,
        "drop_ios" : 0,
        "slat_ns" : {
          "min" : 0,
          "max" : 0,
          "mean" : 0.000000,
          "stddev" : 0.000000,
          "N" : 0
        },
        "clat_ns" : {
          "min" : 0,
          "max" : 0,
          "mean" : 0.000000,
          "stddev" : 0.000000,
          "N" : 0
        },
        "lat_ns" : {
          "min" : 0,
          "max" : 0,
          "mean" : 0.000000,
          "stddev" : 0.000000,
          "N" : 0
        },
        "bw_min" : 0,
        "bw_max" : 0,
        "bw_agg" : 0.000000,
        "bw_mean" : 0.000000,
        "bw_dev" : 0.000000,
        "bw_samples" : 0,
        "iops_min" : 0,
        "iops_max" : 0,
        "iops_mean" : 0.000000,
        "iops_stddev" : 0.000000,
        "iops_samples" : 0
      },
      "sync" : {
        "total_ios" : 0,
        "lat_ns" : {
          "min" : 0,
          "max" : 0,
          "mean" : 0.000000,
          "stddev" : 0.000000,
          "N" : 0
        }
      },
      "job_runtime" : 8316,
      "usr_cpu" : 3.463203,
      "sys_cpu" : 30.964406,
      "ctx" : 262245,
      "majf" : 0,
      "minf" : 11,
      "iodepth_level" : {
        "1" : 100.000000,
        "2" : 0.000000,
        "4" : 0.000000,
        "8" : 0.000000,
        "16" : 0.000000,
        "32" : 0.000000,
        ">=64" : 0.000000
      },
      "iodepth_submit" : {
        "0" : 0.000000,
        "4" : 100.000000,
        "8" : 0.000000,
        "16" : 0.000000,
        "32" : 0.000000,
        "64" : 0.000000,
        ">=64" : 0.000000
      },
      "iodepth_complete" : {
        "0" : 0.000000,
        "4" : 100.000000,
        "8" : 0.000000,
        "16" : 0.000000,
        "32" : 0.000000,
        "64" : 0.000000,
        ">=64" : 0.000000
      },
      "latency_ns" : {
        "2" : 0.000000,
        "4" : 0.000000,
        "10" : 0.000000,
        "20" : 0.000000,
        "50" : 0.000000,
        "100" : 0.000000,
        "250" : 0.000000,
        "500" : 0.000000,
        "750" : 0.000000,
        "1000" : 0.000000
      },
      "latency_us" : {
        "2" : 0.000000,
        "4" : 0.010000,
        "10" : 19.267273,
        "20" : 24.607849,
        "50" : 51.968002,
        "100" : 3.060150,
        "250" : 0.851440,
        "500" : 0.086975,
        "750" : 0.022125,
        "1000" : 0.011826
      },
      "latency_ms" : {
        "2" : 0.032425,
        "4" : 0.047302,
        "10" : 0.032806,
        "20" : 0.010000,
        "50" : 0.010000,
        "100" : 0.000000,
        "250" : 0.000000,
        "500" : 0.000000,
        "750" : 0.000000,
        "1000" : 0.000000,
        "2000" : 0.000000,
        ">=2000" : 0.000000
      },
      "latency_depth" : 32,
      "latency_target" : 0,
      "latency_percentile" : 100.000000,
      "latency_window" : 0
    }
  ],
  "disk_util" : [
    {
      "name" : "loop0",
      "read_ios" : 0,
      "write_ios" : 261201,
      "read_sectors" : 0,
      "write_sectors" : 2092352,
      "read_merges" : 0,
      "write_merges" : 343,
      "read_ticks" : 0,
      "write_ticks" : 5138,
      "in_queue" : 5138,
      "util" : 75.779291
    }
  ]
}
