{
  "fio version" : "fio-3.36",
  "timestamp" : 1774700621,
  "timestamp_ms" : 1774700621890,
  "time" : "Sat Mar 28 17:53:41 2026",
  "global options" : {
    "directory" : "/home/kishore/benchmark_arena/ext4_mount"
  },
  "jobs" : [
    {
      "jobname" : "realistic_mix",
      "groupid" : 0,
      "job_start" : 1774700620567,
      "error" : 0,
      "eta" : 2147483647,
      "elapsed" : 2,
      "job options" : {
        "rw" : "randrw",
        "rwmixread" : "70",
        "bssplit" : "4k/50:64k/30:1m/20",
        "size" : "1G",
        "direct" : "1",
        "fallocate" : "none"
      },
      "read" : {
        "io_bytes" : 763936768,
        "io_kbytes" : 746032,
        "bw_bytes" : 584049516,
        "bw" : 570360,
        "iops" : 9524.464832,
        "runtime" : 1308,
        "total_ios" : 12458,
        "short_ios" : 0,
        "drop_ios" : 0,
        "slat_ns" : {
          "min" : 0,
          "max" : 0,
          "mean" : 0.000000,
          "stddev" : 0.000000,
          "N" : 0
        },
        "clat_ns" : {
          "min" : 2250,
          "max" : 9390558,
          "mean" : 68914.346845,
          "stddev" : 297959.789026,
          "N" : 12458,
          "percentile" : {
            "1.000000" : 10816,
            "5.000000" : 12736,
            "10.000000" : 13504,
            "20.000000" : 16320,
            "30.000000" : 19072,
            "40.000000" : 23424,
            "50.000000" : 27264,
            "60.000000" : 33024,
            "70.000000" : 39680,
            "80.000000" : 50944,
            "90.000000" : 88576,
            "95.000000" : 179200,
            "99.000000" : 659456,
            "99.500000" : 1466368,
            "99.900000" : 5210112,
            "99.950000" : 6127616,
            "99.990000" : 8585216
          }
        },
        "lat_ns" : {
          "min" : 2292,
          "max" : 9390600,
          "mean" : 68947.183818,
          "stddev" : 297961.803234,
          "N" : 12458
        },
        "bw_min" : 556000,
        "bw_max" : 645704,
        "bw_agg" : 100.000000,
        "bw_mean" : 600852.000000,
        "bw_dev" : 63430.306700,
        "bw_samples" : 2,
        "iops_min" : 3416,
        "iops_max" : 11914,
        "iops_mean" : 7665.000000,
        "iops_stddev" : 6008.993427,
        "iops_samples" : 2
      },
      "write" : {
        "io_bytes" : 309805056,
        "io_kbytes" : 302544,
        "bw_bytes" : 236854018,
        "bw" : 231302,
        "iops" : 4056.574924,
        "runtime" : 1308,
        "total_ios" : 5306,
        "short_ios" : 0,
        "drop_ios" : 0,
        "slat_ns" : {
          "min" : 0,
          "max" : 0,
          "mean" : 0.000000,
          "stddev" : 0.000000,
          "N" : 0
        },
        "clat_ns" : {
          "min" : 3542,
          "max" : 24575983,
          "mean" : 81465.400490,
          "stddev" : 440699.109520,
          "N" : 5306,
          "percentile" : {
            "1.000000" : 13120,
            "5.000000" : 16192,
            "10.000000" : 19072,
            "20.000000" : 21632,
            "30.000000" : 24448,
            "40.000000" : 29312,
            "50.000000" : 34560,
            "60.000000" : 42240,
            "70.000000" : 50432,
            "80.000000" : 63232,
            "90.000000" : 107008,
            "95.000000" : 199680,
            "99.000000" : 692224,
            "99.500000" : 1433600,
            "99.900000" : 4046848,
            "99.950000" : 6455296,
            "99.990000" : 24510464
          }
        },
        "lat_ns" : {
          "min" : 3583,
          "max" : 24584108,
          "mean" : 82019.768941,
          "stddev" : 441323.989523,
          "N" : 5306
        },
        "bw_min" : 204152,
        "bw_max" : 277680,
        "bw_agg" : 100.000000,
        "bw_mean" : 240916.000000,
        "bw_dev" : 51992.147407,
        "bw_samples" : 2,
        "iops_min" : 1498,
        "iops_max" : 5088,
        "iops_mean" : 3293.000000,
        "iops_stddev" : 2538.513344,
        "iops_samples" : 2
      },
      "trim" : {
        "io_bytes" : 0,
        "io_kbytes" : 0,
        "bw_bytes" : 0,
        "bw" : 0,
        "iops" : 0.000000,
        "runtime" : 0,
        "total_ios" : 0,
        "short_ios" : 0,
        "drop_ios" : 0,
        "slat_ns" : {
          "min" : 0,
          "max" : 0,
          "mean" : 0.000000,
          "stddev" : 0.000000,
          "N" : 0
        },
        "clat_ns" : {
          "min" : 0,
          "max" : 0,
          "mean" : 0.000000,
          "stddev" : 0.000000,
          "N" : 0
        },
        "lat_ns" : {
          "min" : 0,
          "max" : 0,
          "mean" : 0.000000,
          "stddev" : 0.000000,
          "N" : 0
        },
        "bw_min" : 0,
        "bw_max" : 0,
        "bw_agg" : 0.000000,
        "bw_mean" : 0.000000,
        "bw_dev" : 0.000000,
        "bw_samples" : 0,
        "iops_min" : 0,
        "iops_max" : 0,
        "iops_mean" : 0.000000,
        "iops_stddev" : 0.000000,
        "iops_samples" : 0
      },
      "sync" : {
        "total_ios" : 0,
        "lat_ns" : {
          "min" : 0,
          "max" : 0,
          "mean" : 0.000000,
          "stddev" : 0.000000,
          "N" : 0
        }
      },
      "job_runtime" : 1307,
      "usr_cpu" : 3.749044,
      "sys_cpu" : 9.410865,
      "ctx" : 17756,
      "majf" : 0,
      "minf" : 15,
      "iodepth_level" : {
        "1" : 100.000000,
        "2" : 0.000000,
        "4" : 0.000000,
        "8" : 0.000000,
        "16" : 0.000000,
        "32" : 0.000000,
        ">=64" : 0.000000
      },
      "iodepth_submit" : {
        "0" : 0.000000,
        "4" : 100.000000,
        "8" : 0.000000,
        "16" : 0.000000,
        "32" : 0.000000,
        "64" : 0.000000,
        ">=64" : 0.000000
      },
      "iodepth_complete" : {
        "0" : 0.000000,
        "4" : 100.000000,
        "8" : 0.000000,
        "16" : 0.000000,
        "32" : 0.000000,
        "64" : 0.000000,
        ">=64" : 0.000000
      },
      "latency_ns" : {
        "2" : 0.000000,
        "4" : 0.000000,
        "10" : 0.000000,
        "20" : 0.000000,
        "50" : 0.000000,
        "100" : 0.000000,
        "250" : 0.000000,
        "500" : 0.000000,
        "750" : 0.000000,
        "1000" : 0.000000
      },
      "latency_us" : {
        "2" : 0.000000,
        "4" : 0.326503,
        "10" : 0.495384,
        "20" : 26.159649,
        "50" : 49.510245,
        "100" : 14.214141,
        "250" : 5.426706,
        "500" : 2.353074,
        "750" : 0.641747,
        "1000" : 0.191398
      },
      "latency_ms" : {
        "2" : 0.264580,
        "4" : 0.281468,
        "10" : 0.123846,
        "20" : 0.010000,
        "50" : 0.010000,
        "100" : 0.000000,
        "250" : 0.000000,
        "500" : 0.000000,
        "750" : 0.000000,
        "1000" : 0.000000,
        "2000" : 0.000000,
        ">=2000" : 0.000000
      },
      "latency_depth" : 1,
      "latency_target" : 0,
      "latency_percentile" : 100.000000,
      "latency_window" : 0
    }
  ],
  "disk_util" : [
    {
      "name" : "loop0",
      "read_ios" : 8927,
      "write_ios" : 3843,
      "read_sectors" : 1287400,
      "write_sectors" : 515912,
      "read_merges" : 4,
      "write_merges" : 0,
      "read_ticks" : 621,
      "write_ticks" : 326,
      "in_queue" : 946,
      "util" : 75.423046
    }
  ]
}
