{
  "fio version" : "fio-3.36",
  "timestamp" : 1775303675,
  "timestamp_ms" : 1775303675530,
  "time" : "Sat Apr  4 17:24:35 2026",
  "global options" : {
    "directory" : "/home/kishore/benchmark_arena/bindfs_mount",
    "ioengine" : "io_uring",
    "direct" : "1",
    "group_reporting" : "1",
    "thread" : "1",
    "time_based" : "1",
    "runtime" : "45",
    "ramp_time" : "5",
    "randrepeat" : "1",
    "randseed" : "42",
    "fallocate" : "none"
  },
  "jobs" : [
    {
      "jobname" : "realistic_mix",
      "groupid" : 0,
      "job_start" : 1775303630503,
      "error" : 0,
      "eta" : 0,
      "elapsed" : 51,
      "job options" : {
        "rw" : "randrw",
        "rwmixread" : "70",
        "bssplit" : "4k/50:64k/30:1m/20",
        "iodepth" : "32",
        "numjobs" : "4",
        "size" : "1G",
        "filename" : "bench_realistic_mix.dat"
      },
      "read" : {
        "io_bytes" : 44203700224,
        "io_kbytes" : 43167676,
        "bw_bytes" : 982260793,
        "bw" : 959239,
        "iops" : 16748.700058,
        "runtime" : 45002,
        "total_ios" : 753725,
        "short_ios" : 0,
        "drop_ios" : 0,
        "slat_ns" : {
          "min" : 2917,
          "max" : 50953250,
          "mean" : 79458.666553,
          "stddev" : 149428.214125,
          "N" : 753727
        },
        "clat_ns" : {
          "min" : 833,
          "max" : 68667833,
          "mean" : 5199159.326093,
          "stddev" : 2102710.368999,
          "N" : 753813,
          "percentile" : {
            "1.000000" : 2441216,
            "5.000000" : 2965504,
            "10.000000" : 3260416,
            "20.000000" : 3686400,
            "30.000000" : 4046848,
            "40.000000" : 4358144,
            "50.000000" : 4751360,
            "60.000000" : 5144576,
            "70.000000" : 5668864,
            "80.000000" : 6389760,
            "90.000000" : 7700480,
            "95.000000" : 8978432,
            "99.000000" : 11730944,
            "99.500000" : 13041664,
            "99.900000" : 19791872,
            "99.950000" : 29229056,
            "99.990000" : 58982400
          }
        },
        "lat_ns" : {
          "min" : 263500,
          "max" : 68737375,
          "mean" : 5278614.340116,
          "stddev" : 2132491.741662,
          "N" : 753813
        },
        "bw_min" : 480800,
        "bw_max" : 1809752,
        "bw_agg" : 99.830589,
        "bw_mean" : 957614.865169,
        "bw_dev" : 79815.782639,
        "bw_samples" : 356,
        "iops_min" : 9193,
        "iops_max" : 23440,
        "iops_mean" : 16788.426966,
        "iops_stddev" : 906.014939,
        "iops_samples" : 356
      },
      "write" : {
        "io_bytes" : 18842386432,
        "io_kbytes" : 18400768,
        "bw_bytes" : 418701089,
        "bw" : 408887,
        "iops" : 7149.060042,
        "runtime" : 45002,
        "total_ios" : 321722,
        "short_ios" : 0,
        "drop_ios" : 0,
        "slat_ns" : {
          "min" : 14625,
          "max" : 49358917,
          "mean" : 369000.056847,
          "stddev" : 373827.030972,
          "N" : 321724
        },
        "clat_ns" : {
          "min" : 5167,
          "max" : 67577874,
          "mean" : 5163923.386492,
          "stddev" : 2105207.596490,
          "N" : 321758,
          "percentile" : {
            "1.000000" : 2441216,
            "5.000000" : 2932736,
            "10.000000" : 3227648,
            "20.000000" : 3653632,
            "30.000000" : 4014080,
            "40.000000" : 4358144,
            "50.000000" : 4685824,
            "60.000000" : 5144576,
            "70.000000" : 5603328,
            "80.000000" : 6389760,
            "90.000000" : 7634944,
            "95.000000" : 8847360,
            "99.000000" : 11730944,
            "99.500000" : 13041664,
            "99.900000" : 20054016,
            "99.950000" : 30015488,
            "99.990000" : 57933824
          }
        },
        "lat_ns" : {
          "min" : 205792,
          "max" : 68785833,
          "mean" : 5532916.618331,
          "stddev" : 2195115.245652,
          "N" : 321758
        },
        "bw_min" : 200352,
        "bw_max" : 769728,
        "bw_agg" : 99.866765,
        "bw_mean" : 408343.426966,
        "bw_dev" : 35458.113184,
        "bw_samples" : 356,
        "iops_min" : 3883,
        "iops_max" : 10047,
        "iops_mean" : 7166.292135,
        "iops_stddev" : 384.052726,
        "iops_samples" : 356
      },
      "trim" : {
        "io_bytes" : 0,
        "io_kbytes" : 0,
        "bw_bytes" : 0,
        "bw" : 0,
        "iops" : 0.000000,
        "runtime" : 0,
        "total_ios" : 0,
        "short_ios" : 0,
        "drop_ios" : 0,
        "slat_ns" : {
          "min" : 0,
          "max" : 0,
          "mean" : 0.000000,
          "stddev" : 0.000000,
          "N" : 0
        },
        "clat_ns" : {
          "min" : 0,
          "max" : 0,
          "mean" : 0.000000,
          "stddev" : 0.000000,
          "N" : 0
        },
        "lat_ns" : {
          "min" : 0,
          "max" : 0,
          "mean" : 0.000000,
          "stddev" : 0.000000,
          "N" : 0
        },
        "bw_min" : 0,
        "bw_max" : 0,
        "bw_agg" : 0.000000,
        "bw_mean" : 0.000000,
        "bw_dev" : 0.000000,
        "bw_samples" : 0,
        "iops_min" : 0,
        "iops_max" : 0,
        "iops_mean" : 0.000000,
        "iops_stddev" : 0.000000,
        "iops_samples" : 0
      },
      "sync" : {
        "total_ios" : 0,
        "lat_ns" : {
          "min" : 0,
          "max" : 0,
          "mean" : 0.000000,
          "stddev" : 0.000000,
          "N" : 0
        }
      },
      "job_runtime" : 180001,
      "usr_cpu" : 1.538325,
      "sys_cpu" : 4.410531,
      "ctx" : 2027874,
      "majf" : 0,
      "minf" : 59,
      "iodepth_level" : {
        "1" : 0.000000,
        "2" : 0.000000,
        "4" : 0.000000,
        "8" : 0.000000,
        "16" : 0.000000,
        "32" : 100.000000,
        ">=64" : 0.000000
      },
      "iodepth_submit" : {
        "0" : 0.000000,
        "4" : 100.000000,
        "8" : 0.000000,
        "16" : 0.000000,
        "32" : 0.000000,
        "64" : 0.000000,
        ">=64" : 0.000000
      },
      "iodepth_complete" : {
        "0" : 0.000000,
        "4" : 99.999628,
        "8" : 0.000000,
        "16" : 0.000000,
        "32" : 0.100000,
        "64" : 0.000000,
        ">=64" : 0.000000
      },
      "latency_ns" : {
        "2" : 0.000000,
        "4" : 0.000000,
        "10" : 0.000000,
        "20" : 0.000000,
        "50" : 0.000000,
        "100" : 0.000000,
        "250" : 0.000000,
        "500" : 0.000000,
        "750" : 0.000000,
        "1000" : 0.010000
      },
      "latency_us" : {
        "2" : 0.010000,
        "4" : 0.000000,
        "10" : 0.010000,
        "20" : 0.000000,
        "50" : 0.000000,
        "100" : 0.000000,
        "250" : 0.010000,
        "500" : 0.010000,
        "750" : 0.010000,
        "1000" : 0.010000
      },
      "latency_ms" : {
        "2" : 0.137803,
        "4" : 28.906678,
        "10" : 68.257478,
        "20" : 2.609241,
        "50" : 0.085639,
        "100" : 0.011530,
        "250" : 0.000000,
        "500" : 0.000000,
        "750" : 0.000000,
        "1000" : 0.000000,
        "2000" : 0.000000,
        ">=2000" : 0.000000
      },
      "latency_depth" : 32,
      "latency_target" : 0,
      "latency_percentile" : 100.000000,
      "latency_window" : 0
    }
  ]
}
