{
  "fio version" : "fio-3.36",
  "timestamp" : 1774700689,
  "timestamp_ms" : 1774700689597,
  "time" : "Sat Mar 28 17:54:49 2026",
  "global options" : {
    "directory" : "/home/kishore/benchmark_arena/ext4_mount"
  },
  "jobs" : [
    {
      "jobname" : "massive_stream",
      "groupid" : 0,
      "job_start" : 1774700647293,
      "error" : 0,
      "eta" : 0,
      "elapsed" : 43,
      "job options" : {
        "rw" : "write",
        "size" : "4G",
        "buffer_compress_percentage" : "0",
        "refill_buffers" : "1",
        "direct" : "1",
        "fallocate" : "none"
      },
      "read" : {
        "io_bytes" : 0,
        "io_kbytes" : 0,
        "bw_bytes" : 0,
        "bw" : 0,
        "iops" : 0.000000,
        "runtime" : 0,
        "total_ios" : 0,
        "short_ios" : 0,
        "drop_ios" : 0,
        "slat_ns" : {
          "min" : 0,
          "max" : 0,
          "mean" : 0.000000,
          "stddev" : 0.000000,
          "N" : 0
        },
        "clat_ns" : {
          "min" : 0,
          "max" : 0,
          "mean" : 0.000000,
          "stddev" : 0.000000,
          "N" : 0
        },
        "lat_ns" : {
          "min" : 0,
          "max" : 0,
          "mean" : 0.000000,
          "stddev" : 0.000000,
          "N" : 0
        },
        "bw_min" : 0,
        "bw_max" : 0,
        "bw_agg" : 0.000000,
        "bw_mean" : 0.000000,
        "bw_dev" : 0.000000,
        "bw_samples" : 0,
        "iops_min" : 0,
        "iops_max" : 0,
        "iops_mean" : 0.000000,
        "iops_stddev" : 0.000000,
        "iops_samples" : 0
      },
      "write" : {
        "io_bytes" : 4294967296,
        "io_kbytes" : 4194304,
        "bw_bytes" : 101562280,
        "bw" : 99181,
        "iops" : 24795.478730,
        "runtime" : 42289,
        "total_ios" : 1048576,
        "short_ios" : 0,
        "drop_ios" : 0,
        "slat_ns" : {
          "min" : 0,
          "max" : 0,
          "mean" : 0.000000,
          "stddev" : 0.000000,
          "N" : 0
        },
        "clat_ns" : {
          "min" : 3375,
          "max" : 5035296490,
          "mean" : 39292.390362,
          "stddev" : 5654047.395687,
          "N" : 1048576,
          "percentile" : {
            "1.000000" : 3920,
            "5.000000" : 4320,
            "10.000000" : 6304,
            "20.000000" : 14272,
            "30.000000" : 15936,
            "40.000000" : 19328,
            "50.000000" : 23680,
            "60.000000" : 26496,
            "70.000000" : 28032,
            "80.000000" : 29824,
            "90.000000" : 34560,
            "95.000000" : 45312,
            "99.000000" : 142336,
            "99.500000" : 333824,
            "99.900000" : 1662976,
            "99.950000" : 2506752,
            "99.990000" : 5275648
          }
        },
        "lat_ns" : {
          "min" : 3417,
          "max" : 5035296532,
          "mean" : 39331.319082,
          "stddev" : 5654047.500683,
          "N" : 1048576
        },
        "bw_min" : 7634,
        "bw_max" : 235584,
        "bw_agg" : 100.000000,
        "bw_mean" : 120693.000000,
        "bw_dev" : 53175.709776,
        "bw_samples" : 69,
        "iops_min" : 1908,
        "iops_max" : 58896,
        "iops_mean" : 30173.043478,
        "iops_stddev" : 13293.913936,
        "iops_samples" : 69
      },
      "trim" : {
        "io_bytes" : 0,
        "io_kbytes" : 0,
        "bw_bytes" : 0,
        "bw" : 0,
        "iops" : 0.000000,
        "runtime" : 0,
        "total_ios" : 0,
        "short_ios" : 0,
        "drop_ios" : 0,
        "slat_ns" : {
          "min" : 0,
          "max" : 0,
          "mean" : 0.000000,
          "stddev" : 0.000000,
          "N" : 0
        },
        "clat_ns" : {
          "min" : 0,
          "max" : 0,
          "mean" : 0.000000,
          "stddev" : 0.000000,
          "N" : 0
        },
        "lat_ns" : {
          "min" : 0,
          "max" : 0,
          "mean" : 0.000000,
          "stddev" : 0.000000,
          "N" : 0
        },
        "bw_min" : 0,
        "bw_max" : 0,
        "bw_agg" : 0.000000,
        "bw_mean" : 0.000000,
        "bw_dev" : 0.000000,
        "bw_samples" : 0,
        "iops_min" : 0,
        "iops_max" : 0,
        "iops_mean" : 0.000000,
        "iops_stddev" : 0.000000,
        "iops_samples" : 0
      },
      "sync" : {
        "total_ios" : 0,
        "lat_ns" : {
          "min" : 0,
          "max" : 0,
          "mean" : 0.000000,
          "stddev" : 0.000000,
          "N" : 0
        }
      },
      "job_runtime" : 42288,
      "usr_cpu" : 5.261540,
      "sys_cpu" : 19.866156,
      "ctx" : 1048055,
      "majf" : 0,
      "minf" : 14,
      "iodepth_level" : {
        "1" : 100.000000,
        "2" : 0.000000,
        "4" : 0.000000,
        "8" : 0.000000,
        "16" : 0.000000,
        "32" : 0.000000,
        ">=64" : 0.000000
      },
      "iodepth_submit" : {
        "0" : 0.000000,
        "4" : 100.000000,
        "8" : 0.000000,
        "16" : 0.000000,
        "32" : 0.000000,
        "64" : 0.000000,
        ">=64" : 0.000000
      },
      "iodepth_complete" : {
        "0" : 0.000000,
        "4" : 100.000000,
        "8" : 0.000000,
        "16" : 0.000000,
        "32" : 0.000000,
        "64" : 0.000000,
        ">=64" : 0.000000
      },
      "latency_ns" : {
        "2" : 0.000000,
        "4" : 0.000000,
        "10" : 0.000000,
        "20" : 0.000000,
        "50" : 0.000000,
        "100" : 0.000000,
        "250" : 0.000000,
        "500" : 0.000000,
        "750" : 0.000000,
        "1000" : 0.000000
      },
      "latency_us" : {
        "2" : 0.000000,
        "4" : 1.494503,
        "10" : 10.587788,
        "20" : 29.332542,
        "50" : 54.371452,
        "100" : 2.595997,
        "250" : 1.014900,
        "500" : 0.192833,
        "750" : 0.060368,
        "1000" : 0.127697
      },
      "latency_ms" : {
        "2" : 0.146580,
        "4" : 0.060368,
        "10" : 0.013542,
        "20" : 0.010000,
        "50" : 0.010000,
        "100" : 0.000000,
        "250" : 0.000000,
        "500" : 0.000000,
        "750" : 0.000000,
        "1000" : 0.000000,
        "2000" : 0.010000,
        ">=2000" : 0.010000
      },
      "latency_depth" : 1,
      "latency_target" : 0,
      "latency_percentile" : 100.000000,
      "latency_window" : 0
    }
  ],
  "disk_util" : [
    {
      "name" : "loop0",
      "read_ios" : 20,
      "write_ios" : 1038679,
      "read_sectors" : 160,
      "write_sectors" : 8309928,
      "read_merges" : 0,
      "write_merges" : 62,
      "read_ticks" : 12,
      "write_ticks" : 66435,
      "in_queue" : 102457,
      "util" : 93.902410
    }
  ]
}
