{
  "fio version" : "fio-3.36",
  "timestamp" : 1774700757,
  "timestamp_ms" : 1774700757443,
  "time" : "Sat Mar 28 17:55:57 2026",
  "global options" : {
    "directory" : "/home/kishore/benchmark_arena/btrfs_mount"
  },
  "jobs" : [
    {
      "jobname" : "massive_stream",
      "groupid" : 0,
      "job_start" : 1774700690125,
      "error" : 0,
      "eta" : 0,
      "elapsed" : 68,
      "job options" : {
        "rw" : "write",
        "size" : "4G",
        "buffer_compress_percentage" : "0",
        "refill_buffers" : "1",
        "direct" : "1",
        "fallocate" : "none"
      },
      "read" : {
        "io_bytes" : 0,
        "io_kbytes" : 0,
        "bw_bytes" : 0,
        "bw" : 0,
        "iops" : 0.000000,
        "runtime" : 0,
        "total_ios" : 0,
        "short_ios" : 0,
        "drop_ios" : 0,
        "slat_ns" : {
          "min" : 0,
          "max" : 0,
          "mean" : 0.000000,
          "stddev" : 0.000000,
          "N" : 0
        },
        "clat_ns" : {
          "min" : 0,
          "max" : 0,
          "mean" : 0.000000,
          "stddev" : 0.000000,
          "N" : 0
        },
        "lat_ns" : {
          "min" : 0,
          "max" : 0,
          "mean" : 0.000000,
          "stddev" : 0.000000,
          "N" : 0
        },
        "bw_min" : 0,
        "bw_max" : 0,
        "bw_agg" : 0.000000,
        "bw_mean" : 0.000000,
        "bw_dev" : 0.000000,
        "bw_samples" : 0,
        "iops_min" : 0,
        "iops_max" : 0,
        "iops_mean" : 0.000000,
        "iops_stddev" : 0.000000,
        "iops_samples" : 0
      },
      "write" : {
        "io_bytes" : 4294967296,
        "io_kbytes" : 4194304,
        "bw_bytes" : 64583060,
        "bw" : 63069,
        "iops" : 15767.348841,
        "runtime" : 66503,
        "total_ios" : 1048576,
        "short_ios" : 0,
        "drop_ios" : 0,
        "slat_ns" : {
          "min" : 0,
          "max" : 0,
          "mean" : 0.000000,
          "stddev" : 0.000000,
          "N" : 0
        },
        "clat_ns" : {
          "min" : 4375,
          "max" : 9184449980,
          "mean" : 62429.128979,
          "stddev" : 12792622.754364,
          "N" : 1048576,
          "percentile" : {
            "1.000000" : 6560,
            "5.000000" : 7392,
            "10.000000" : 9024,
            "20.000000" : 16064,
            "30.000000" : 17280,
            "40.000000" : 20352,
            "50.000000" : 28288,
            "60.000000" : 32128,
            "70.000000" : 36608,
            "80.000000" : 40192,
            "90.000000" : 55040,
            "95.000000" : 70144,
            "99.000000" : 181248,
            "99.500000" : 350208,
            "99.900000" : 2768896,
            "99.950000" : 3817472,
            "99.990000" : 9371648
          }
        },
        "lat_ns" : {
          "min" : 4416,
          "max" : 9184450021,
          "mean" : 62468.800988,
          "stddev" : 12792622.860341,
          "N" : 1048576
        },
        "bw_min" : 16312,
        "bw_max" : 203177,
        "bw_agg" : 100.000000,
        "bw_mean" : 93632.261364,
        "bw_dev" : 42303.821111,
        "bw_samples" : 88,
        "iops_min" : 4078,
        "iops_max" : 50794,
        "iops_mean" : 23407.784091,
        "iops_stddev" : 10575.984024,
        "iops_samples" : 88
      },
      "trim" : {
        "io_bytes" : 0,
        "io_kbytes" : 0,
        "bw_bytes" : 0,
        "bw" : 0,
        "iops" : 0.000000,
        "runtime" : 0,
        "total_ios" : 0,
        "short_ios" : 0,
        "drop_ios" : 0,
        "slat_ns" : {
          "min" : 0,
          "max" : 0,
          "mean" : 0.000000,
          "stddev" : 0.000000,
          "N" : 0
        },
        "clat_ns" : {
          "min" : 0,
          "max" : 0,
          "mean" : 0.000000,
          "stddev" : 0.000000,
          "N" : 0
        },
        "lat_ns" : {
          "min" : 0,
          "max" : 0,
          "mean" : 0.000000,
          "stddev" : 0.000000,
          "N" : 0
        },
        "bw_min" : 0,
        "bw_max" : 0,
        "bw_agg" : 0.000000,
        "bw_mean" : 0.000000,
        "bw_dev" : 0.000000,
        "bw_samples" : 0,
        "iops_min" : 0,
        "iops_max" : 0,
        "iops_mean" : 0.000000,
        "iops_stddev" : 0.000000,
        "iops_samples" : 0
      },
      "sync" : {
        "total_ios" : 0,
        "lat_ns" : {
          "min" : 0,
          "max" : 0,
          "mean" : 0.000000,
          "stddev" : 0.000000,
          "N" : 0
        }
      },
      "job_runtime" : 66505,
      "usr_cpu" : 3.022329,
      "sys_cpu" : 19.900759,
      "ctx" : 1292081,
      "majf" : 0,
      "minf" : 45,
      "iodepth_level" : {
        "1" : 100.000000,
        "2" : 0.000000,
        "4" : 0.000000,
        "8" : 0.000000,
        "16" : 0.000000,
        "32" : 0.000000,
        ">=64" : 0.000000
      },
      "iodepth_submit" : {
        "0" : 0.000000,
        "4" : 100.000000,
        "8" : 0.000000,
        "16" : 0.000000,
        "32" : 0.000000,
        "64" : 0.000000,
        ">=64" : 0.000000
      },
      "iodepth_complete" : {
        "0" : 0.000000,
        "4" : 100.000000,
        "8" : 0.000000,
        "16" : 0.000000,
        "32" : 0.000000,
        "64" : 0.000000,
        ">=64" : 0.000000
      },
      "latency_ns" : {
        "2" : 0.000000,
        "4" : 0.000000,
        "10" : 0.000000,
        "20" : 0.000000,
        "50" : 0.000000,
        "100" : 0.000000,
        "250" : 0.000000,
        "500" : 0.000000,
        "750" : 0.000000,
        "1000" : 0.000000
      },
      "latency_us" : {
        "2" : 0.000000,
        "4" : 0.000000,
        "10" : 12.087822,
        "20" : 27.037621,
        "50" : 48.917961,
        "100" : 9.631920,
        "250" : 1.647758,
        "500" : 0.293827,
        "750" : 0.077629,
        "1000" : 0.059414
      },
      "latency_ms" : {
        "2" : 0.105000,
        "4" : 0.095367,
        "10" : 0.037193,
        "20" : 0.010000,
        "50" : 0.010000,
        "100" : 0.010000,
        "250" : 0.010000,
        "500" : 0.010000,
        "750" : 0.000000,
        "1000" : 0.000000,
        "2000" : 0.010000,
        ">=2000" : 0.010000
      },
      "latency_depth" : 1,
      "latency_target" : 0,
      "latency_percentile" : 100.000000,
      "latency_window" : 0
    }
  ]
}
