{
  "fio version" : "fio-3.36",
  "timestamp" : 1774701101,
  "timestamp_ms" : 1774701101428,
  "time" : "Sat Mar 28 18:01:41 2026",
  "global options" : {
    "directory" : "/home/kishore/benchmark_arena/ext4_mount"
  },
  "jobs" : [
    {
      "jobname" : "paranoid_db",
      "groupid" : 0,
      "job_start" : 1774700758381,
      "error" : 0,
      "eta" : 0,
      "elapsed" : 344,
      "job options" : {
        "rw" : "randwrite",
        "bs" : "4k",
        "size" : "500M",
        "fsync" : "1",
        "direct" : "1",
        "fallocate" : "none"
      },
      "read" : {
        "io_bytes" : 0,
        "io_kbytes" : 0,
        "bw_bytes" : 0,
        "bw" : 0,
        "iops" : 0.000000,
        "runtime" : 0,
        "total_ios" : 0,
        "short_ios" : 0,
        "drop_ios" : 0,
        "slat_ns" : {
          "min" : 0,
          "max" : 0,
          "mean" : 0.000000,
          "stddev" : 0.000000,
          "N" : 0
        },
        "clat_ns" : {
          "min" : 0,
          "max" : 0,
          "mean" : 0.000000,
          "stddev" : 0.000000,
          "N" : 0
        },
        "lat_ns" : {
          "min" : 0,
          "max" : 0,
          "mean" : 0.000000,
          "stddev" : 0.000000,
          "N" : 0
        },
        "bw_min" : 0,
        "bw_max" : 0,
        "bw_agg" : 0.000000,
        "bw_mean" : 0.000000,
        "bw_dev" : 0.000000,
        "bw_samples" : 0,
        "iops_min" : 0,
        "iops_max" : 0,
        "iops_mean" : 0.000000,
        "iops_stddev" : 0.000000,
        "iops_samples" : 0
      },
      "write" : {
        "io_bytes" : 524288000,
        "io_kbytes" : 512000,
        "bw_bytes" : 1528371,
        "bw" : 1492,
        "iops" : 373.137592,
        "runtime" : 343037,
        "total_ios" : 128000,
        "short_ios" : 0,
        "drop_ios" : 0,
        "slat_ns" : {
          "min" : 0,
          "max" : 0,
          "mean" : 0.000000,
          "stddev" : 0.000000,
          "N" : 0
        },
        "clat_ns" : {
          "min" : 8209,
          "max" : 25589566,
          "mean" : 40415.270211,
          "stddev" : 173620.977660,
          "N" : 128000,
          "percentile" : {
            "1.000000" : 10944,
            "5.000000" : 12096,
            "10.000000" : 12608,
            "20.000000" : 14272,
            "30.000000" : 16768,
            "40.000000" : 20352,
            "50.000000" : 23424,
            "60.000000" : 25728,
            "70.000000" : 29568,
            "80.000000" : 36096,
            "90.000000" : 50432,
            "95.000000" : 73216,
            "99.000000" : 264192,
            "99.500000" : 1056768,
            "99.900000" : 2342912,
            "99.950000" : 2899968,
            "99.990000" : 4947968
          }
        },
        "lat_ns" : {
          "min" : 8250,
          "max" : 25589691,
          "mean" : 40511.847594,
          "stddev" : 173651.394991,
          "N" : 128000
        },
        "bw_min" : 8,
        "bw_max" : 2460,
        "bw_agg" : 100.000000,
        "bw_mean" : 1493.866764,
        "bw_dev" : 496.947496,
        "bw_samples" : 683,
        "iops_min" : 2,
        "iops_max" : 615,
        "iops_mean" : 373.266471,
        "iops_stddev" : 124.265570,
        "iops_samples" : 683
      },
      "trim" : {
        "io_bytes" : 0,
        "io_kbytes" : 0,
        "bw_bytes" : 0,
        "bw" : 0,
        "iops" : 0.000000,
        "runtime" : 0,
        "total_ios" : 0,
        "short_ios" : 0,
        "drop_ios" : 0,
        "slat_ns" : {
          "min" : 0,
          "max" : 0,
          "mean" : 0.000000,
          "stddev" : 0.000000,
          "N" : 0
        },
        "clat_ns" : {
          "min" : 0,
          "max" : 0,
          "mean" : 0.000000,
          "stddev" : 0.000000,
          "N" : 0
        },
        "lat_ns" : {
          "min" : 0,
          "max" : 0,
          "mean" : 0.000000,
          "stddev" : 0.000000,
          "N" : 0
        },
        "bw_min" : 0,
        "bw_max" : 0,
        "bw_agg" : 0.000000,
        "bw_mean" : 0.000000,
        "bw_dev" : 0.000000,
        "bw_samples" : 0,
        "iops_min" : 0,
        "iops_max" : 0,
        "iops_mean" : 0.000000,
        "iops_stddev" : 0.000000,
        "iops_samples" : 0
      },
      "sync" : {
        "total_ios" : 127999,
        "lat_ns" : {
          "min" : 1043168,
          "max" : 688622940,
          "mean" : 2637626.321784,
          "stddev" : 3890426.595772,
          "N" : 127999,
          "percentile" : {
            "1.000000" : 1138688,
            "5.000000" : 1204224,
            "10.000000" : 1236992,
            "20.000000" : 1318912,
            "30.000000" : 1417216,
            "40.000000" : 1564672,
            "50.000000" : 1957888,
            "60.000000" : 2506752,
            "70.000000" : 2965504,
            "80.000000" : 3653632,
            "90.000000" : 4423680,
            "95.000000" : 5341184,
            "99.000000" : 9240576,
            "99.500000" : 12517376,
            "99.900000" : 31850496,
            "99.950000" : 49020928,
            "99.990000" : 106430464
          }
        }
      },
      "job_runtime" : 343036,
      "usr_cpu" : 0.125643,
      "sys_cpu" : 0.712462,
      "ctx" : 257578,
      "majf" : 1,
      "minf" : 163,
      "iodepth_level" : {
        "1" : 199.999219,
        "2" : 0.000000,
        "4" : 0.000000,
        "8" : 0.000000,
        "16" : 0.000000,
        "32" : 0.000000,
        ">=64" : 0.000000
      },
      "iodepth_submit" : {
        "0" : 0.000000,
        "4" : 100.000000,
        "8" : 0.000000,
        "16" : 0.000000,
        "32" : 0.000000,
        "64" : 0.000000,
        ">=64" : 0.000000
      },
      "iodepth_complete" : {
        "0" : 0.000000,
        "4" : 100.000000,
        "8" : 0.000000,
        "16" : 0.000000,
        "32" : 0.000000,
        "64" : 0.000000,
        ">=64" : 0.000000
      },
      "latency_ns" : {
        "2" : 0.000000,
        "4" : 0.000000,
        "10" : 0.000000,
        "20" : 0.000000,
        "50" : 0.000000,
        "100" : 0.000000,
        "250" : 0.000000,
        "500" : 0.000000,
        "750" : 0.000000,
        "1000" : 0.000000
      },
      "latency_us" : {
        "2" : 0.000000,
        "4" : 0.000000,
        "10" : 0.143750,
        "20" : 39.175781,
        "50" : 50.557812,
        "100" : 6.896094,
        "250" : 2.181250,
        "500" : 0.374219,
        "750" : 0.111719,
        "1000" : 0.049219
      },
      "latency_ms" : {
        "2" : 0.371094,
        "4" : 0.118750,
        "10" : 0.017187,
        "20" : 0.010000,
        "50" : 0.010000,
        "100" : 0.000000,
        "250" : 0.000000,
        "500" : 0.000000,
        "750" : 0.000000,
        "1000" : 0.000000,
        "2000" : 0.000000,
        ">=2000" : 0.000000
      },
      "latency_depth" : 1,
      "latency_target" : 0,
      "latency_percentile" : 100.000000,
      "latency_window" : 0
    }
  ],
  "disk_util" : [
    {
      "name" : "loop0",
      "read_ios" : 7,
      "write_ios" : 385641,
      "read_sectors" : 56,
      "write_sectors" : 7188376,
      "read_merges" : 0,
      "write_merges" : 513463,
      "read_ticks" : 8,
      "write_ticks" : 336671,
      "in_queue" : 663917,
      "util" : 98.202525
    }
  ]
}
