{
  "fio version" : "fio-3.36",
  "timestamp" : 1774700606,
  "timestamp_ms" : 1774700606992,
  "time" : "Sat Mar 28 17:53:26 2026",
  "global options" : {
    "directory" : "/home/kishore/benchmark_arena/btrfs_mount"
  },
  "jobs" : [
    {
      "jobname" : "rand_write",
      "groupid" : 0,
      "job_start" : 1774700589390,
      "error" : 0,
      "eta" : 0,
      "elapsed" : 18,
      "job options" : {
        "rw" : "randwrite",
        "bs" : "4K",
        "size" : "1G",
        "iodepth" : "32",
        "direct" : "1",
        "fallocate" : "none"
      },
      "read" : {
        "io_bytes" : 0,
        "io_kbytes" : 0,
        "bw_bytes" : 0,
        "bw" : 0,
        "iops" : 0.000000,
        "runtime" : 0,
        "total_ios" : 0,
        "short_ios" : 0,
        "drop_ios" : 0,
        "slat_ns" : {
          "min" : 0,
          "max" : 0,
          "mean" : 0.000000,
          "stddev" : 0.000000,
          "N" : 0
        },
        "clat_ns" : {
          "min" : 0,
          "max" : 0,
          "mean" : 0.000000,
          "stddev" : 0.000000,
          "N" : 0
        },
        "lat_ns" : {
          "min" : 0,
          "max" : 0,
          "mean" : 0.000000,
          "stddev" : 0.000000,
          "N" : 0
        },
        "bw_min" : 0,
        "bw_max" : 0,
        "bw_agg" : 0.000000,
        "bw_mean" : 0.000000,
        "bw_dev" : 0.000000,
        "bw_samples" : 0,
        "iops_min" : 0,
        "iops_max" : 0,
        "iops_mean" : 0.000000,
        "iops_stddev" : 0.000000,
        "iops_samples" : 0
      },
      "write" : {
        "io_bytes" : 1073741824,
        "io_kbytes" : 1048576,
        "bw_bytes" : 61167928,
        "bw" : 59734,
        "iops" : 14933.576393,
        "runtime" : 17554,
        "total_ios" : 262144,
        "short_ios" : 0,
        "drop_ios" : 0,
        "slat_ns" : {
          "min" : 0,
          "max" : 0,
          "mean" : 0.000000,
          "stddev" : 0.000000,
          "N" : 0
        },
        "clat_ns" : {
          "min" : 5209,
          "max" : 4671821223,
          "mean" : 66468.444977,
          "stddev" : 10913484.564912,
          "N" : 262144,
          "percentile" : {
            "1.000000" : 7392,
            "5.000000" : 8640,
            "10.000000" : 9408,
            "20.000000" : 10688,
            "30.000000" : 12096,
            "40.000000" : 14400,
            "50.000000" : 18304,
            "60.000000" : 21120,
            "70.000000" : 28288,
            "80.000000" : 39168,
            "90.000000" : 43264,
            "95.000000" : 50432,
            "99.000000" : 127488,
            "99.500000" : 276480,
            "99.900000" : 1957888,
            "99.950000" : 3194880,
            "99.990000" : 12124160
          }
        },
        "lat_ns" : {
          "min" : 5250,
          "max" : 4671821265,
          "mean" : 66518.673336,
          "stddev" : 10913484.703716,
          "N" : 262144
        },
        "bw_min" : 6155,
        "bw_max" : 194441,
        "bw_agg" : 100.000000,
        "bw_mean" : 100701.550000,
        "bw_dev" : 66453.279862,
        "bw_samples" : 20,
        "iops_min" : 1538,
        "iops_max" : 48610,
        "iops_mean" : 25175.150000,
        "iops_stddev" : 16613.326076,
        "iops_samples" : 20
      },
      "trim" : {
        "io_bytes" : 0,
        "io_kbytes" : 0,
        "bw_bytes" : 0,
        "bw" : 0,
        "iops" : 0.000000,
        "runtime" : 0,
        "total_ios" : 0,
        "short_ios" : 0,
        "drop_ios" : 0,
        "slat_ns" : {
          "min" : 0,
          "max" : 0,
          "mean" : 0.000000,
          "stddev" : 0.000000,
          "N" : 0
        },
        "clat_ns" : {
          "min" : 0,
          "max" : 0,
          "mean" : 0.000000,
          "stddev" : 0.000000,
          "N" : 0
        },
        "lat_ns" : {
          "min" : 0,
          "max" : 0,
          "mean" : 0.000000,
          "stddev" : 0.000000,
          "N" : 0
        },
        "bw_min" : 0,
        "bw_max" : 0,
        "bw_agg" : 0.000000,
        "bw_mean" : 0.000000,
        "bw_dev" : 0.000000,
        "bw_samples" : 0,
        "iops_min" : 0,
        "iops_max" : 0,
        "iops_mean" : 0.000000,
        "iops_stddev" : 0.000000,
        "iops_samples" : 0
      },
      "sync" : {
        "total_ios" : 0,
        "lat_ns" : {
          "min" : 0,
          "max" : 0,
          "mean" : 0.000000,
          "stddev" : 0.000000,
          "N" : 0
        }
      },
      "job_runtime" : 17553,
      "usr_cpu" : 1.338802,
      "sys_cpu" : 15.393380,
      "ctx" : 262317,
      "majf" : 0,
      "minf" : 11,
      "iodepth_level" : {
        "1" : 100.000000,
        "2" : 0.000000,
        "4" : 0.000000,
        "8" : 0.000000,
        "16" : 0.000000,
        "32" : 0.000000,
        ">=64" : 0.000000
      },
      "iodepth_submit" : {
        "0" : 0.000000,
        "4" : 100.000000,
        "8" : 0.000000,
        "16" : 0.000000,
        "32" : 0.000000,
        "64" : 0.000000,
        ">=64" : 0.000000
      },
      "iodepth_complete" : {
        "0" : 0.000000,
        "4" : 100.000000,
        "8" : 0.000000,
        "16" : 0.000000,
        "32" : 0.000000,
        "64" : 0.000000,
        ">=64" : 0.000000
      },
      "latency_ns" : {
        "2" : 0.000000,
        "4" : 0.000000,
        "10" : 0.000000,
        "20" : 0.000000,
        "50" : 0.000000,
        "100" : 0.000000,
        "250" : 0.000000,
        "500" : 0.000000,
        "750" : 0.000000,
        "1000" : 0.000000
      },
      "latency_us" : {
        "2" : 0.000000,
        "4" : 0.000000,
        "10" : 14.509964,
        "20" : 42.141724,
        "50" : 38.198853,
        "100" : 3.652573,
        "250" : 0.971985,
        "500" : 0.152206,
        "750" : 0.070190,
        "1000" : 0.086975
      },
      "latency_ms" : {
        "2" : 0.117874,
        "4" : 0.068283,
        "10" : 0.016785,
        "20" : 0.010000,
        "50" : 0.010000,
        "100" : 0.010000,
        "250" : 0.000000,
        "500" : 0.000000,
        "750" : 0.000000,
        "1000" : 0.000000,
        "2000" : 0.010000,
        ">=2000" : 0.010000
      },
      "latency_depth" : 32,
      "latency_target" : 0,
      "latency_percentile" : 100.000000,
      "latency_window" : 0
    }
  ]
}
