{
  "fio version" : "fio-3.36",
  "timestamp" : 1774700646,
  "timestamp_ms" : 1774700646944,
  "time" : "Sat Mar 28 17:54:06 2026",
  "global options" : {
    "directory" : "/home/kishore/benchmark_arena/btrfs_mount"
  },
  "jobs" : [
    {
      "jobname" : "realistic_mix",
      "groupid" : 0,
      "job_start" : 1774700645599,
      "error" : 0,
      "eta" : 2147483647,
      "elapsed" : 2,
      "job options" : {
        "rw" : "randrw",
        "rwmixread" : "70",
        "bssplit" : "4k/50:64k/30:1m/20",
        "size" : "1G",
        "direct" : "1",
        "fallocate" : "none"
      },
      "read" : {
        "io_bytes" : 763936768,
        "io_kbytes" : 746032,
        "bw_bytes" : 577864423,
        "bw" : 564320,
        "iops" : 9423.600605,
        "runtime" : 1322,
        "total_ios" : 12458,
        "short_ios" : 0,
        "drop_ios" : 0,
        "slat_ns" : {
          "min" : 0,
          "max" : 0,
          "mean" : 0.000000,
          "stddev" : 0.000000,
          "N" : 0
        },
        "clat_ns" : {
          "min" : 2708,
          "max" : 13033752,
          "mean" : 70240.406727,
          "stddev" : 223757.821660,
          "N" : 12458,
          "percentile" : {
            "1.000000" : 4048,
            "5.000000" : 8768,
            "10.000000" : 14144,
            "20.000000" : 17792,
            "30.000000" : 21120,
            "40.000000" : 26240,
            "50.000000" : 31872,
            "60.000000" : 38656,
            "70.000000" : 47872,
            "80.000000" : 66048,
            "90.000000" : 121344,
            "95.000000" : 236544,
            "99.000000" : 626688,
            "99.500000" : 1073152,
            "99.900000" : 2211840,
            "99.950000" : 3194880,
            "99.990000" : 9109504
          }
        },
        "lat_ns" : {
          "min" : 2750,
          "max" : 13033752,
          "mean" : 70275.257987,
          "stddev" : 223758.871886,
          "N" : 12458
        },
        "bw_min" : 541069,
        "bw_max" : 677165,
        "bw_agg" : 100.000000,
        "bw_mean" : 609117.000000,
        "bw_dev" : 96234.404492,
        "bw_samples" : 2,
        "iops_min" : 4980,
        "iops_max" : 10834,
        "iops_mean" : 7907.000000,
        "iops_stddev" : 4139.403097,
        "iops_samples" : 2
      },
      "write" : {
        "io_bytes" : 309805056,
        "io_kbytes" : 302544,
        "bw_bytes" : 234345730,
        "bw" : 228853,
        "iops" : 4013.615734,
        "runtime" : 1322,
        "total_ios" : 5306,
        "short_ios" : 0,
        "drop_ios" : 0,
        "slat_ns" : {
          "min" : 0,
          "max" : 0,
          "mean" : 0.000000,
          "stddev" : 0.000000,
          "N" : 0
        },
        "clat_ns" : {
          "min" : 5792,
          "max" : 8553148,
          "mean" : 81476.949868,
          "stddev" : 245373.323498,
          "N" : 5306,
          "percentile" : {
            "1.000000" : 7072,
            "5.000000" : 10944,
            "10.000000" : 17280,
            "20.000000" : 20096,
            "30.000000" : 23936,
            "40.000000" : 31104,
            "50.000000" : 39680,
            "60.000000" : 46848,
            "70.000000" : 58624,
            "80.000000" : 77312,
            "90.000000" : 123392,
            "95.000000" : 220160,
            "99.000000" : 1036288,
            "99.500000" : 1351680,
            "99.900000" : 2637824,
            "99.950000" : 5996544,
            "99.990000" : 8585216
          }
        },
        "lat_ns" : {
          "min" : 5834,
          "max" : 8598733,
          "mean" : 81915.012439,
          "stddev" : 246412.666265,
          "N" : 5306
        },
        "bw_min" : 225045,
        "bw_max" : 264934,
        "bw_agg" : 100.000000,
        "bw_mean" : 244989.500000,
        "bw_dev" : 28205.782395,
        "bw_samples" : 2,
        "iops_min" : 2229,
        "iops_max" : 4586,
        "iops_mean" : 3407.500000,
        "iops_stddev" : 1666.650683,
        "iops_samples" : 2
      },
      "trim" : {
        "io_bytes" : 0,
        "io_kbytes" : 0,
        "bw_bytes" : 0,
        "bw" : 0,
        "iops" : 0.000000,
        "runtime" : 0,
        "total_ios" : 0,
        "short_ios" : 0,
        "drop_ios" : 0,
        "slat_ns" : {
          "min" : 0,
          "max" : 0,
          "mean" : 0.000000,
          "stddev" : 0.000000,
          "N" : 0
        },
        "clat_ns" : {
          "min" : 0,
          "max" : 0,
          "mean" : 0.000000,
          "stddev" : 0.000000,
          "N" : 0
        },
        "lat_ns" : {
          "min" : 0,
          "max" : 0,
          "mean" : 0.000000,
          "stddev" : 0.000000,
          "N" : 0
        },
        "bw_min" : 0,
        "bw_max" : 0,
        "bw_agg" : 0.000000,
        "bw_mean" : 0.000000,
        "bw_dev" : 0.000000,
        "bw_samples" : 0,
        "iops_min" : 0,
        "iops_max" : 0,
        "iops_mean" : 0.000000,
        "iops_stddev" : 0.000000,
        "iops_samples" : 0
      },
      "sync" : {
        "total_ios" : 0,
        "lat_ns" : {
          "min" : 0,
          "max" : 0,
          "mean" : 0.000000,
          "stddev" : 0.000000,
          "N" : 0
        }
      },
      "job_runtime" : 1321,
      "usr_cpu" : 1.892506,
      "sys_cpu" : 20.514762,
      "ctx" : 19214,
      "majf" : 0,
      "minf" : 14,
      "iodepth_level" : {
        "1" : 100.000000,
        "2" : 0.000000,
        "4" : 0.000000,
        "8" : 0.000000,
        "16" : 0.000000,
        "32" : 0.000000,
        ">=64" : 0.000000
      },
      "iodepth_submit" : {
        "0" : 0.000000,
        "4" : 100.000000,
        "8" : 0.000000,
        "16" : 0.000000,
        "32" : 0.000000,
        "64" : 0.000000,
        ">=64" : 0.000000
      },
      "iodepth_complete" : {
        "0" : 0.000000,
        "4" : 100.000000,
        "8" : 0.000000,
        "16" : 0.000000,
        "32" : 0.000000,
        "64" : 0.000000,
        ">=64" : 0.000000
      },
      "latency_ns" : {
        "2" : 0.000000,
        "4" : 0.000000,
        "10" : 0.000000,
        "20" : 0.000000,
        "50" : 0.000000,
        "100" : 0.000000,
        "250" : 0.000000,
        "500" : 0.000000,
        "750" : 0.000000,
        "1000" : 0.000000
      },
      "latency_us" : {
        "2" : 0.000000,
        "4" : 0.636118,
        "10" : 4.790588,
        "20" : 19.122945,
        "50" : 44.072281,
        "100" : 18.835848,
        "250" : 7.937401,
        "500" : 2.854087,
        "750" : 0.692412,
        "1000" : 0.354650
      },
      "latency_ms" : {
        "2" : 0.534789,
        "4" : 0.123846,
        "10" : 0.039406,
        "20" : 0.010000,
        "50" : 0.000000,
        "100" : 0.000000,
        "250" : 0.000000,
        "500" : 0.000000,
        "750" : 0.000000,
        "1000" : 0.000000,
        "2000" : 0.000000,
        ">=2000" : 0.000000
      },
      "latency_depth" : 1,
      "latency_target" : 0,
      "latency_percentile" : 100.000000,
      "latency_window" : 0
    }
  ]
}
