{
  "fio version" : "fio-3.36",
  "timestamp" : 1774700576,
  "timestamp_ms" : 1774700576321,
  "time" : "Sat Mar 28 17:52:56 2026",
  "global options" : {
    "directory" : "/home/kishore/benchmark_arena/btrfs_mount"
  },
  "jobs" : [
    {
      "jobname" : "seq_write",
      "groupid" : 0,
      "job_start" : 1774700565899,
      "error" : 0,
      "eta" : 0,
      "elapsed" : 11,
      "job options" : {
        "rw" : "write",
        "bs" : "1M",
        "size" : "2G",
        "direct" : "1",
        "fallocate" : "none"
      },
      "read" : {
        "io_bytes" : 0,
        "io_kbytes" : 0,
        "bw_bytes" : 0,
        "bw" : 0,
        "iops" : 0.000000,
        "runtime" : 0,
        "total_ios" : 0,
        "short_ios" : 0,
        "drop_ios" : 0,
        "slat_ns" : {
          "min" : 0,
          "max" : 0,
          "mean" : 0.000000,
          "stddev" : 0.000000,
          "N" : 0
        },
        "clat_ns" : {
          "min" : 0,
          "max" : 0,
          "mean" : 0.000000,
          "stddev" : 0.000000,
          "N" : 0
        },
        "lat_ns" : {
          "min" : 0,
          "max" : 0,
          "mean" : 0.000000,
          "stddev" : 0.000000,
          "N" : 0
        },
        "bw_min" : 0,
        "bw_max" : 0,
        "bw_agg" : 0.000000,
        "bw_mean" : 0.000000,
        "bw_dev" : 0.000000,
        "bw_samples" : 0,
        "iops_min" : 0,
        "iops_max" : 0,
        "iops_mean" : 0.000000,
        "iops_stddev" : 0.000000,
        "iops_samples" : 0
      },
      "write" : {
        "io_bytes" : 2147483648,
        "io_kbytes" : 2097152,
        "bw_bytes" : 207166086,
        "bw" : 202310,
        "iops" : 197.568975,
        "runtime" : 10366,
        "total_ios" : 2048,
        "short_ios" : 0,
        "drop_ios" : 0,
        "slat_ns" : {
          "min" : 0,
          "max" : 0,
          "mean" : 0.000000,
          "stddev" : 0.000000,
          "N" : 0
        },
        "clat_ns" : {
          "min" : 546690,
          "max" : 6305795673,
          "mean" : 5044852.407715,
          "stddev" : 139942673.899210,
          "N" : 2048,
          "percentile" : {
            "1.000000" : 602112,
            "5.000000" : 626688,
            "10.000000" : 651264,
            "20.000000" : 700416,
            "30.000000" : 757760,
            "40.000000" : 831488,
            "50.000000" : 946176,
            "60.000000" : 1089536,
            "70.000000" : 1318912,
            "80.000000" : 1794048,
            "90.000000" : 2736128,
            "95.000000" : 3948544,
            "99.000000" : 8978432,
            "99.500000" : 22675456,
            "99.900000" : 308281344,
            "99.950000" : 509607936,
            "99.990000" : 6274678784
          }
        },
        "lat_ns" : {
          "min" : 554607,
          "max" : 6305813549,
          "mean" : 5059629.071289,
          "stddev" : 139942871.198413,
          "N" : 2048
        },
        "bw_min" : 2043,
        "bw_max" : 976896,
        "bw_agg" : 100.000000,
        "bw_mean" : 455458.250000,
        "bw_dev" : 342501.967601,
        "bw_samples" : 8,
        "iops_min" : 1,
        "iops_max" : 954,
        "iops_mean" : 444.375000,
        "iops_stddev" : 334.777511,
        "iops_samples" : 8
      },
      "trim" : {
        "io_bytes" : 0,
        "io_kbytes" : 0,
        "bw_bytes" : 0,
        "bw" : 0,
        "iops" : 0.000000,
        "runtime" : 0,
        "total_ios" : 0,
        "short_ios" : 0,
        "drop_ios" : 0,
        "slat_ns" : {
          "min" : 0,
          "max" : 0,
          "mean" : 0.000000,
          "stddev" : 0.000000,
          "N" : 0
        },
        "clat_ns" : {
          "min" : 0,
          "max" : 0,
          "mean" : 0.000000,
          "stddev" : 0.000000,
          "N" : 0
        },
        "lat_ns" : {
          "min" : 0,
          "max" : 0,
          "mean" : 0.000000,
          "stddev" : 0.000000,
          "N" : 0
        },
        "bw_min" : 0,
        "bw_max" : 0,
        "bw_agg" : 0.000000,
        "bw_mean" : 0.000000,
        "bw_dev" : 0.000000,
        "bw_samples" : 0,
        "iops_min" : 0,
        "iops_max" : 0,
        "iops_mean" : 0.000000,
        "iops_stddev" : 0.000000,
        "iops_samples" : 0
      },
      "sync" : {
        "total_ios" : 0,
        "lat_ns" : {
          "min" : 0,
          "max" : 0,
          "mean" : 0.000000,
          "stddev" : 0.000000,
          "N" : 0
        }
      },
      "job_runtime" : 10365,
      "usr_cpu" : 0.395562,
      "sys_cpu" : 13.323685,
      "ctx" : 21084,
      "majf" : 0,
      "minf" : 12,
      "iodepth_level" : {
        "1" : 100.000000,
        "2" : 0.000000,
        "4" : 0.000000,
        "8" : 0.000000,
        "16" : 0.000000,
        "32" : 0.000000,
        ">=64" : 0.000000
      },
      "iodepth_submit" : {
        "0" : 0.000000,
        "4" : 100.000000,
        "8" : 0.000000,
        "16" : 0.000000,
        "32" : 0.000000,
        "64" : 0.000000,
        ">=64" : 0.000000
      },
      "iodepth_complete" : {
        "0" : 0.000000,
        "4" : 100.000000,
        "8" : 0.000000,
        "16" : 0.000000,
        "32" : 0.000000,
        "64" : 0.000000,
        ">=64" : 0.000000
      },
      "latency_ns" : {
        "2" : 0.000000,
        "4" : 0.000000,
        "10" : 0.000000,
        "20" : 0.000000,
        "50" : 0.000000,
        "100" : 0.000000,
        "250" : 0.000000,
        "500" : 0.000000,
        "750" : 0.000000,
        "1000" : 0.000000
      },
      "latency_us" : {
        "2" : 0.000000,
        "4" : 0.000000,
        "10" : 0.000000,
        "20" : 0.000000,
        "50" : 0.000000,
        "100" : 0.000000,
        "250" : 0.000000,
        "500" : 0.000000,
        "750" : 28.369141,
        "1000" : 26.171875
      },
      "latency_ms" : {
        "2" : 28.564453,
        "4" : 12.011719,
        "10" : 4.003906,
        "20" : 0.292969,
        "50" : 0.341797,
        "100" : 0.097656,
        "250" : 0.000000,
        "500" : 0.048828,
        "750" : 0.048828,
        "1000" : 0.000000,
        "2000" : 0.000000,
        ">=2000" : 0.048828
      },
      "latency_depth" : 1,
      "latency_target" : 0,
      "latency_percentile" : 100.000000,
      "latency_window" : 0
    }
  ]
}
