{
  "fio version" : "fio-3.36",
  "timestamp" : 1774700536,
  "timestamp_ms" : 1774700536563,
  "time" : "Sat Mar 28 17:52:16 2026",
  "global options" : {
    "directory" : "/home/kishore/benchmark_arena/ext4_mount"
  },
  "jobs" : [
    {
      "jobname" : "seq_write",
      "groupid" : 0,
      "job_start" : 1774700532120,
      "error" : 0,
      "eta" : 0,
      "elapsed" : 5,
      "job options" : {
        "rw" : "write",
        "bs" : "1M",
        "size" : "2G",
        "direct" : "1",
        "fallocate" : "none"
      },
      "read" : {
        "io_bytes" : 0,
        "io_kbytes" : 0,
        "bw_bytes" : 0,
        "bw" : 0,
        "iops" : 0.000000,
        "runtime" : 0,
        "total_ios" : 0,
        "short_ios" : 0,
        "drop_ios" : 0,
        "slat_ns" : {
          "min" : 0,
          "max" : 0,
          "mean" : 0.000000,
          "stddev" : 0.000000,
          "N" : 0
        },
        "clat_ns" : {
          "min" : 0,
          "max" : 0,
          "mean" : 0.000000,
          "stddev" : 0.000000,
          "N" : 0
        },
        "lat_ns" : {
          "min" : 0,
          "max" : 0,
          "mean" : 0.000000,
          "stddev" : 0.000000,
          "N" : 0
        },
        "bw_min" : 0,
        "bw_max" : 0,
        "bw_agg" : 0.000000,
        "bw_mean" : 0.000000,
        "bw_dev" : 0.000000,
        "bw_samples" : 0,
        "iops_min" : 0,
        "iops_max" : 0,
        "iops_mean" : 0.000000,
        "iops_stddev" : 0.000000,
        "iops_samples" : 0
      },
      "write" : {
        "io_bytes" : 2147483648,
        "io_kbytes" : 2097152,
        "bw_bytes" : 485416737,
        "bw" : 474039,
        "iops" : 462.929476,
        "runtime" : 4424,
        "total_ios" : 2048,
        "short_ios" : 0,
        "drop_ios" : 0,
        "slat_ns" : {
          "min" : 0,
          "max" : 0,
          "mean" : 0.000000,
          "stddev" : 0.000000,
          "N" : 0
        },
        "clat_ns" : {
          "min" : 255927,
          "max" : 3144955943,
          "mean" : 2153138.995605,
          "stddev" : 69516287.068912,
          "N" : 2048,
          "percentile" : {
            "1.000000" : 268288,
            "5.000000" : 288768,
            "10.000000" : 305152,
            "20.000000" : 333824,
            "30.000000" : 358400,
            "40.000000" : 395264,
            "50.000000" : 428032,
            "60.000000" : 468992,
            "70.000000" : 514048,
            "80.000000" : 585728,
            "90.000000" : 749568,
            "95.000000" : 946176,
            "99.000000" : 2277376,
            "99.500000" : 3850240,
            "99.900000" : 46923776,
            "99.950000" : 60555264,
            "99.990000" : 3137339392
          }
        },
        "lat_ns" : {
          "min" : 258636,
          "max" : 3144983361,
          "mean" : 2159336.660645,
          "stddev" : 69516765.882569,
          "N" : 2048
        },
        "bw_min" : 549512,
        "bw_max" : 1693696,
        "bw_agg" : 100.000000,
        "bw_mean" : 1112280.000000,
        "bw_dev" : 572319.899525,
        "bw_samples" : 3,
        "iops_min" : 536,
        "iops_max" : 1654,
        "iops_mean" : 1086.000000,
        "iops_stddev" : 559.217310,
        "iops_samples" : 3
      },
      "trim" : {
        "io_bytes" : 0,
        "io_kbytes" : 0,
        "bw_bytes" : 0,
        "bw" : 0,
        "iops" : 0.000000,
        "runtime" : 0,
        "total_ios" : 0,
        "short_ios" : 0,
        "drop_ios" : 0,
        "slat_ns" : {
          "min" : 0,
          "max" : 0,
          "mean" : 0.000000,
          "stddev" : 0.000000,
          "N" : 0
        },
        "clat_ns" : {
          "min" : 0,
          "max" : 0,
          "mean" : 0.000000,
          "stddev" : 0.000000,
          "N" : 0
        },
        "lat_ns" : {
          "min" : 0,
          "max" : 0,
          "mean" : 0.000000,
          "stddev" : 0.000000,
          "N" : 0
        },
        "bw_min" : 0,
        "bw_max" : 0,
        "bw_agg" : 0.000000,
        "bw_mean" : 0.000000,
        "bw_dev" : 0.000000,
        "bw_samples" : 0,
        "iops_min" : 0,
        "iops_max" : 0,
        "iops_mean" : 0.000000,
        "iops_stddev" : 0.000000,
        "iops_samples" : 0
      },
      "sync" : {
        "total_ios" : 0,
        "lat_ns" : {
          "min" : 0,
          "max" : 0,
          "mean" : 0.000000,
          "stddev" : 0.000000,
          "N" : 0
        }
      },
      "job_runtime" : 4423,
      "usr_cpu" : 0.406964,
      "sys_cpu" : 0.813927,
      "ctx" : 2050,
      "majf" : 0,
      "minf" : 13,
      "iodepth_level" : {
        "1" : 100.000000,
        "2" : 0.000000,
        "4" : 0.000000,
        "8" : 0.000000,
        "16" : 0.000000,
        "32" : 0.000000,
        ">=64" : 0.000000
      },
      "iodepth_submit" : {
        "0" : 0.000000,
        "4" : 100.000000,
        "8" : 0.000000,
        "16" : 0.000000,
        "32" : 0.000000,
        "64" : 0.000000,
        ">=64" : 0.000000
      },
      "iodepth_complete" : {
        "0" : 0.000000,
        "4" : 100.000000,
        "8" : 0.000000,
        "16" : 0.000000,
        "32" : 0.000000,
        "64" : 0.000000,
        ">=64" : 0.000000
      },
      "latency_ns" : {
        "2" : 0.000000,
        "4" : 0.000000,
        "10" : 0.000000,
        "20" : 0.000000,
        "50" : 0.000000,
        "100" : 0.000000,
        "250" : 0.000000,
        "500" : 0.000000,
        "750" : 0.000000,
        "1000" : 0.000000
      },
      "latency_us" : {
        "2" : 0.000000,
        "4" : 0.000000,
        "10" : 0.000000,
        "20" : 0.000000,
        "50" : 0.000000,
        "100" : 0.000000,
        "250" : 0.000000,
        "500" : 66.894531,
        "750" : 23.242188,
        "1000" : 5.175781
      },
      "latency_ms" : {
        "2" : 3.564453,
        "4" : 0.634766,
        "10" : 0.146484,
        "20" : 0.000000,
        "50" : 0.244141,
        "100" : 0.048828,
        "250" : 0.000000,
        "500" : 0.000000,
        "750" : 0.000000,
        "1000" : 0.000000,
        "2000" : 0.000000,
        ">=2000" : 0.048828
      },
      "latency_depth" : 1,
      "latency_target" : 0,
      "latency_percentile" : 100.000000,
      "latency_window" : 0
    }
  ],
  "disk_util" : [
    {
      "name" : "loop0",
      "read_ios" : 1,
      "write_ios" : 1772,
      "read_sectors" : 8,
      "write_sectors" : 3578520,
      "read_merges" : 0,
      "write_merges" : 77,
      "read_ticks" : 2,
      "write_ticks" : 4127,
      "in_queue" : 7271,
      "util" : 95.966426
    }
  ]
}
