{
  "fio version" : "fio-3.36",
  "timestamp" : 1775304799,
  "timestamp_ms" : 1775304799752,
  "time" : "Sat Apr  4 17:43:19 2026",
  "global options" : {
    "directory" : "/home/kishore/benchmark_arena/arcfs_mount",
    "ioengine" : "io_uring",
    "direct" : "1",
    "group_reporting" : "1",
    "thread" : "1",
    "time_based" : "1",
    "runtime" : "45",
    "ramp_time" : "5",
    "randrepeat" : "1",
    "randseed" : "42",
    "fallocate" : "none"
  },
  "jobs" : [
    {
      "jobname" : "realistic_mix",
      "groupid" : 0,
      "job_start" : 1775304754166,
      "error" : 0,
      "eta" : 0,
      "elapsed" : 51,
      "job options" : {
        "rw" : "randrw",
        "rwmixread" : "70",
        "bssplit" : "4k/50:64k/30:1m/20",
        "iodepth" : "32",
        "numjobs" : "4",
        "size" : "1G",
        "end_fsync" : "1",
        "filename" : "bench_realistic_mix.dat"
      },
      "read" : {
        "io_bytes" : 165847400448,
        "io_kbytes" : 161960352,
        "bw_bytes" : 3639318874,
        "bw" : 3554022,
        "iops" : 62394.351671,
        "runtime" : 45571,
        "total_ios" : 2843373,
        "short_ios" : 0,
        "drop_ios" : 0,
        "slat_ns" : {
          "min" : 250,
          "max" : 34525585,
          "mean" : 57265.523090,
          "stddev" : 148457.866138,
          "N" : 2843376
        },
        "clat_ns" : {
          "min" : 41,
          "max" : 49829111,
          "mean" : 1168694.151879,
          "stddev" : 1181378.015398,
          "N" : 2843427,
          "percentile" : {
            "1.000000" : 167,
            "5.000000" : 8512,
            "10.000000" : 20864,
            "20.000000" : 49920,
            "30.000000" : 317440,
            "40.000000" : 602112,
            "50.000000" : 937984,
            "60.000000" : 1269760,
            "70.000000" : 1613824,
            "80.000000" : 2039808,
            "90.000000" : 2670592,
            "95.000000" : 3260416,
            "99.000000" : 4685824,
            "99.500000" : 5341184,
            "99.900000" : 7307264,
            "99.950000" : 8716288,
            "99.990000" : 16580608
          }
        },
        "lat_ns" : {
          "min" : 1792,
          "max" : 50443329,
          "mean" : 1225961.070392,
          "stddev" : 1216467.414587,
          "N" : 2843427
        },
        "bw_min" : 1516438,
        "bw_max" : 5043328,
        "bw_agg" : 100.000000,
        "bw_mean" : 3610039.516854,
        "bw_dev" : 222423.433169,
        "bw_samples" : 356,
        "iops_min" : 38981,
        "iops_max" : 81322,
        "iops_mean" : 63409.202247,
        "iops_stddev" : 2217.011520,
        "iops_samples" : 356
      },
      "write" : {
        "io_bytes" : 71173738496,
        "io_kbytes" : 69505604,
        "bw_bytes" : 1561820861,
        "bw" : 1525215,
        "iops" : 26751.398916,
        "runtime" : 45571,
        "total_ios" : 1219088,
        "short_ios" : 0,
        "drop_ios" : 0,
        "slat_ns" : {
          "min" : 291,
          "max" : 1239353,
          "mean" : 2947.040626,
          "stddev" : 10655.300092,
          "N" : 1219088
        },
        "clat_ns" : {
          "min" : 83,
          "max" : 51864864,
          "mean" : 1861149.076694,
          "stddev" : 1300725.302995,
          "N" : 1219158,
          "percentile" : {
            "1.000000" : 246784,
            "5.000000" : 350208,
            "10.000000" : 460800,
            "20.000000" : 774144,
            "30.000000" : 1089536,
            "40.000000" : 1384448,
            "50.000000" : 1662976,
            "60.000000" : 1957888,
            "70.000000" : 2310144,
            "80.000000" : 2736128,
            "90.000000" : 3424256,
            "95.000000" : 4079616,
            "99.000000" : 5668864,
            "99.500000" : 6389760,
            "99.900000" : 8978432,
            "99.950000" : 10813440,
            "99.990000" : 27394048
          }
        },
        "lat_ns" : {
          "min" : 5958,
          "max" : 51867781,
          "mean" : 1864096.179026,
          "stddev" : 1300977.755386,
          "N" : 1219158
        },
        "bw_min" : 638521,
        "bw_max" : 2190674,
        "bw_agg" : 100.000000,
        "bw_mean" : 1549046.426966,
        "bw_dev" : 95793.276080,
        "bw_samples" : 356,
        "iops_min" : 16486,
        "iops_max" : 34370,
        "iops_mean" : 27183.101124,
        "iops_stddev" : 949.197401,
        "iops_samples" : 356
      },
      "trim" : {
        "io_bytes" : 0,
        "io_kbytes" : 0,
        "bw_bytes" : 0,
        "bw" : 0,
        "iops" : 0.000000,
        "runtime" : 0,
        "total_ios" : 0,
        "short_ios" : 0,
        "drop_ios" : 0,
        "slat_ns" : {
          "min" : 0,
          "max" : 0,
          "mean" : 0.000000,
          "stddev" : 0.000000,
          "N" : 0
        },
        "clat_ns" : {
          "min" : 0,
          "max" : 0,
          "mean" : 0.000000,
          "stddev" : 0.000000,
          "N" : 0
        },
        "lat_ns" : {
          "min" : 0,
          "max" : 0,
          "mean" : 0.000000,
          "stddev" : 0.000000,
          "N" : 0
        },
        "bw_min" : 0,
        "bw_max" : 0,
        "bw_agg" : 0.000000,
        "bw_mean" : 0.000000,
        "bw_dev" : 0.000000,
        "bw_samples" : 0,
        "iops_min" : 0,
        "iops_max" : 0,
        "iops_mean" : 0.000000,
        "iops_stddev" : 0.000000,
        "iops_samples" : 0
      },
      "sync" : {
        "total_ios" : 0,
        "lat_ns" : {
          "min" : 0,
          "max" : 0,
          "mean" : 0.000000,
          "stddev" : 0.000000,
          "N" : 0
        }
      },
      "job_runtime" : 182277,
      "usr_cpu" : 2.737043,
      "sys_cpu" : 5.683109,
      "ctx" : 1225455,
      "majf" : 0,
      "minf" : 50,
      "iodepth_level" : {
        "1" : 0.100000,
        "2" : 0.000000,
        "4" : 0.000000,
        "8" : 0.000000,
        "16" : 0.000000,
        "32" : 100.000000,
        ">=64" : 0.000000
      },
      "iodepth_submit" : {
        "0" : 0.000000,
        "4" : 100.000000,
        "8" : 0.000000,
        "16" : 0.000000,
        "32" : 0.000000,
        "64" : 0.000000,
        ">=64" : 0.000000
      },
      "iodepth_complete" : {
        "0" : 0.000000,
        "4" : 99.999902,
        "8" : 0.000000,
        "16" : 0.000000,
        "32" : 0.100000,
        "64" : 0.000000,
        ">=64" : 0.000000
      },
      "latency_ns" : {
        "2" : 0.000000,
        "4" : 0.000000,
        "10" : 0.000000,
        "20" : 0.000000,
        "50" : 0.010000,
        "100" : 0.324508,
        "250" : 0.462454,
        "500" : 0.213688,
        "750" : 0.022499,
        "1000" : 0.202390
      },
      "latency_us" : {
        "2" : 0.249972,
        "4" : 0.626615,
        "10" : 1.822984,
        "20" : 2.845098,
        "50" : 7.300944,
        "100" : 2.877221,
        "250" : 2.788999,
        "500" : 9.589827,
        "750" : 7.532700,
        "1000" : 7.556749
      },
      "latency_ms" : {
        "2" : 29.336405,
        "4" : 23.128419,
        "10" : 3.078946,
        "20" : 0.029145,
        "50" : 0.012308,
        "100" : 0.010000,
        "250" : 0.000000,
        "500" : 0.000000,
        "750" : 0.000000,
        "1000" : 0.000000,
        "2000" : 0.000000,
        ">=2000" : 0.000000
      },
      "latency_depth" : 32,
      "latency_target" : 0,
      "latency_percentile" : 100.000000,
      "latency_window" : 0
    }
  ]
}
