{
  "fio version" : "fio-3.36",
  "timestamp" : 1775219435,
  "timestamp_ms" : 1775219435527,
  "time" : "Fri Apr  3 18:00:35 2026",
  "global options" : {
    "directory" : "/home/kishore/benchmark_arena/bindfs_mount"
  },
  "jobs" : [
    {
      "jobname" : "massive_stream",
      "groupid" : 0,
      "job_start" : 1775219370584,
      "error" : 0,
      "eta" : 0,
      "elapsed" : 66,
      "job options" : {
        "rw" : "write",
        "size" : "4G",
        "buffer_compress_percentage" : "0",
        "refill_buffers" : "1",
        "direct" : "1",
        "fallocate" : "none"
      },
      "read" : {
        "io_bytes" : 0,
        "io_kbytes" : 0,
        "bw_bytes" : 0,
        "bw" : 0,
        "iops" : 0.000000,
        "runtime" : 0,
        "total_ios" : 0,
        "short_ios" : 0,
        "drop_ios" : 0,
        "slat_ns" : {
          "min" : 0,
          "max" : 0,
          "mean" : 0.000000,
          "stddev" : 0.000000,
          "N" : 0
        },
        "clat_ns" : {
          "min" : 0,
          "max" : 0,
          "mean" : 0.000000,
          "stddev" : 0.000000,
          "N" : 0
        },
        "lat_ns" : {
          "min" : 0,
          "max" : 0,
          "mean" : 0.000000,
          "stddev" : 0.000000,
          "N" : 0
        },
        "bw_min" : 0,
        "bw_max" : 0,
        "bw_agg" : 0.000000,
        "bw_mean" : 0.000000,
        "bw_dev" : 0.000000,
        "bw_samples" : 0,
        "iops_min" : 0,
        "iops_max" : 0,
        "iops_mean" : 0.000000,
        "iops_stddev" : 0.000000,
        "iops_samples" : 0
      },
      "write" : {
        "io_bytes" : 4294967296,
        "io_kbytes" : 4194304,
        "bw_bytes" : 66155806,
        "bw" : 64605,
        "iops" : 16151.320046,
        "runtime" : 64922,
        "total_ios" : 1048576,
        "short_ios" : 0,
        "drop_ios" : 0,
        "slat_ns" : {
          "min" : 0,
          "max" : 0,
          "mean" : 0.000000,
          "stddev" : 0.000000,
          "N" : 0
        },
        "clat_ns" : {
          "min" : 11292,
          "max" : 206744031,
          "mean" : 60790.746599,
          "stddev" : 438571.831627,
          "N" : 1048576,
          "percentile" : {
            "1.000000" : 13248,
            "5.000000" : 15040,
            "10.000000" : 18816,
            "20.000000" : 42752,
            "30.000000" : 62720,
            "40.000000" : 64768,
            "50.000000" : 66048,
            "60.000000" : 68096,
            "70.000000" : 69120,
            "80.000000" : 71168,
            "90.000000" : 74240,
            "95.000000" : 77312,
            "99.000000" : 89600,
            "99.500000" : 99840,
            "99.900000" : 254976,
            "99.950000" : 544768,
            "99.990000" : 2441216
          }
        },
        "lat_ns" : {
          "min" : 11334,
          "max" : 206744072,
          "mean" : 60832.560684,
          "stddev" : 438571.996068,
          "N" : 1048576
        },
        "bw_min" : 22221,
        "bw_max" : 194590,
        "bw_agg" : 100.000000,
        "bw_mean" : 64748.178295,
        "bw_dev" : 26245.809170,
        "bw_samples" : 129,
        "iops_min" : 5555,
        "iops_max" : 48647,
        "iops_mean" : 16186.968992,
        "iops_stddev" : 6561.406117,
        "iops_samples" : 129
      },
      "trim" : {
        "io_bytes" : 0,
        "io_kbytes" : 0,
        "bw_bytes" : 0,
        "bw" : 0,
        "iops" : 0.000000,
        "runtime" : 0,
        "total_ios" : 0,
        "short_ios" : 0,
        "drop_ios" : 0,
        "slat_ns" : {
          "min" : 0,
          "max" : 0,
          "mean" : 0.000000,
          "stddev" : 0.000000,
          "N" : 0
        },
        "clat_ns" : {
          "min" : 0,
          "max" : 0,
          "mean" : 0.000000,
          "stddev" : 0.000000,
          "N" : 0
        },
        "lat_ns" : {
          "min" : 0,
          "max" : 0,
          "mean" : 0.000000,
          "stddev" : 0.000000,
          "N" : 0
        },
        "bw_min" : 0,
        "bw_max" : 0,
        "bw_agg" : 0.000000,
        "bw_mean" : 0.000000,
        "bw_dev" : 0.000000,
        "bw_samples" : 0,
        "iops_min" : 0,
        "iops_max" : 0,
        "iops_mean" : 0.000000,
        "iops_stddev" : 0.000000,
        "iops_samples" : 0
      },
      "sync" : {
        "total_ios" : 0,
        "lat_ns" : {
          "min" : 0,
          "max" : 0,
          "mean" : 0.000000,
          "stddev" : 0.000000,
          "N" : 0
        }
      },
      "job_runtime" : 64921,
      "usr_cpu" : 5.012246,
      "sys_cpu" : 12.946504,
      "ctx" : 2097183,
      "majf" : 0,
      "minf" : 12,
      "iodepth_level" : {
        "1" : 100.000000,
        "2" : 0.000000,
        "4" : 0.000000,
        "8" : 0.000000,
        "16" : 0.000000,
        "32" : 0.000000,
        ">=64" : 0.000000
      },
      "iodepth_submit" : {
        "0" : 0.000000,
        "4" : 100.000000,
        "8" : 0.000000,
        "16" : 0.000000,
        "32" : 0.000000,
        "64" : 0.000000,
        ">=64" : 0.000000
      },
      "iodepth_complete" : {
        "0" : 0.000000,
        "4" : 100.000000,
        "8" : 0.000000,
        "16" : 0.000000,
        "32" : 0.000000,
        "64" : 0.000000,
        ">=64" : 0.000000
      },
      "latency_ns" : {
        "2" : 0.000000,
        "4" : 0.000000,
        "10" : 0.000000,
        "20" : 0.000000,
        "50" : 0.000000,
        "100" : 0.000000,
        "250" : 0.000000,
        "500" : 0.000000,
        "750" : 0.000000,
        "1000" : 0.000000
      },
      "latency_us" : {
        "2" : 0.000000,
        "4" : 0.000000,
        "10" : 0.000000,
        "20" : 12.844372,
        "50" : 8.169270,
        "100" : 78.485107,
        "250" : 0.396824,
        "500" : 0.052261,
        "750" : 0.010000,
        "1000" : 0.016689
      },
      "latency_ms" : {
        "2" : 0.012493,
        "4" : 0.010000,
        "10" : 0.010000,
        "20" : 0.010000,
        "50" : 0.000000,
        "100" : 0.010000,
        "250" : 0.010000,
        "500" : 0.000000,
        "750" : 0.000000,
        "1000" : 0.000000,
        "2000" : 0.000000,
        ">=2000" : 0.000000
      },
      "latency_depth" : 1,
      "latency_target" : 0,
      "latency_percentile" : 100.000000,
      "latency_window" : 0
    }
  ]
}
