{
  "fio version" : "fio-3.36",
  "timestamp" : 1775219567,
  "timestamp_ms" : 1775219567403,
  "time" : "Fri Apr  3 18:02:47 2026",
  "global options" : {
    "directory" : "/home/kishore/benchmark_arena/bindfs_mount"
  },
  "jobs" : [
    {
      "jobname" : "paranoid_db",
      "groupid" : 0,
      "job_start" : 1775219438741,
      "error" : 0,
      "eta" : 0,
      "elapsed" : 129,
      "job options" : {
        "rw" : "randwrite",
        "bs" : "4k",
        "size" : "500M",
        "fsync" : "1",
        "direct" : "1",
        "fallocate" : "none"
      },
      "read" : {
        "io_bytes" : 0,
        "io_kbytes" : 0,
        "bw_bytes" : 0,
        "bw" : 0,
        "iops" : 0.000000,
        "runtime" : 0,
        "total_ios" : 0,
        "short_ios" : 0,
        "drop_ios" : 0,
        "slat_ns" : {
          "min" : 0,
          "max" : 0,
          "mean" : 0.000000,
          "stddev" : 0.000000,
          "N" : 0
        },
        "clat_ns" : {
          "min" : 0,
          "max" : 0,
          "mean" : 0.000000,
          "stddev" : 0.000000,
          "N" : 0
        },
        "lat_ns" : {
          "min" : 0,
          "max" : 0,
          "mean" : 0.000000,
          "stddev" : 0.000000,
          "N" : 0
        },
        "bw_min" : 0,
        "bw_max" : 0,
        "bw_agg" : 0.000000,
        "bw_mean" : 0.000000,
        "bw_dev" : 0.000000,
        "bw_samples" : 0,
        "iops_min" : 0,
        "iops_max" : 0,
        "iops_mean" : 0.000000,
        "iops_stddev" : 0.000000,
        "iops_samples" : 0
      },
      "write" : {
        "io_bytes" : 524288000,
        "io_kbytes" : 512000,
        "bw_bytes" : 4075400,
        "bw" : 3979,
        "iops" : 994.970734,
        "runtime" : 128647,
        "total_ios" : 128000,
        "short_ios" : 0,
        "drop_ios" : 0,
        "slat_ns" : {
          "min" : 0,
          "max" : 0,
          "mean" : 0.000000,
          "stddev" : 0.000000,
          "N" : 0
        },
        "clat_ns" : {
          "min" : 15875,
          "max" : 12925789,
          "mean" : 30152.640805,
          "stddev" : 65697.899206,
          "N" : 128000,
          "percentile" : {
            "1.000000" : 18048,
            "5.000000" : 19840,
            "10.000000" : 21120,
            "20.000000" : 23168,
            "30.000000" : 24448,
            "40.000000" : 25984,
            "50.000000" : 27520,
            "60.000000" : 29056,
            "70.000000" : 30848,
            "80.000000" : 33536,
            "90.000000" : 37632,
            "95.000000" : 42240,
            "99.000000" : 62208,
            "99.500000" : 89600,
            "99.900000" : 268288,
            "99.950000" : 366592,
            "99.990000" : 2998272
          }
        },
        "lat_ns" : {
          "min" : 15917,
          "max" : 12925872,
          "mean" : 30214.148117,
          "stddev" : 65700.621928,
          "N" : 128000
        },
        "bw_min" : 506,
        "bw_max" : 7200,
        "bw_agg" : 100.000000,
        "bw_mean" : 3984.441406,
        "bw_dev" : 788.202769,
        "bw_samples" : 256,
        "iops_min" : 126,
        "iops_max" : 1800,
        "iops_mean" : 995.890625,
        "iops_stddev" : 197.037699,
        "iops_samples" : 256
      },
      "trim" : {
        "io_bytes" : 0,
        "io_kbytes" : 0,
        "bw_bytes" : 0,
        "bw" : 0,
        "iops" : 0.000000,
        "runtime" : 0,
        "total_ios" : 0,
        "short_ios" : 0,
        "drop_ios" : 0,
        "slat_ns" : {
          "min" : 0,
          "max" : 0,
          "mean" : 0.000000,
          "stddev" : 0.000000,
          "N" : 0
        },
        "clat_ns" : {
          "min" : 0,
          "max" : 0,
          "mean" : 0.000000,
          "stddev" : 0.000000,
          "N" : 0
        },
        "lat_ns" : {
          "min" : 0,
          "max" : 0,
          "mean" : 0.000000,
          "stddev" : 0.000000,
          "N" : 0
        },
        "bw_min" : 0,
        "bw_max" : 0,
        "bw_agg" : 0.000000,
        "bw_mean" : 0.000000,
        "bw_dev" : 0.000000,
        "bw_samples" : 0,
        "iops_min" : 0,
        "iops_max" : 0,
        "iops_mean" : 0.000000,
        "iops_stddev" : 0.000000,
        "iops_samples" : 0
      },
      "sync" : {
        "total_ios" : 127999,
        "lat_ns" : {
          "min" : 430476,
          "max" : 390434391,
          "mean" : 973812.045797,
          "stddev" : 1896935.353466,
          "N" : 127999,
          "percentile" : {
            "1.000000" : 485376,
            "5.000000" : 536576,
            "10.000000" : 569344,
            "20.000000" : 626688,
            "30.000000" : 684032,
            "40.000000" : 741376,
            "50.000000" : 798720,
            "60.000000" : 872448,
            "70.000000" : 970752,
            "80.000000" : 1122304,
            "90.000000" : 1433600,
            "95.000000" : 1662976,
            "99.000000" : 2670592,
            "99.500000" : 4620288,
            "99.900000" : 15138816,
            "99.950000" : 31850496,
            "99.990000" : 66846720
          }
        }
      },
      "job_runtime" : 128646,
      "usr_cpu" : 0.185781,
      "sys_cpu" : 0.307044,
      "ctx" : 384005,
      "majf" : 1,
      "minf" : 82,
      "iodepth_level" : {
        "1" : 199.999219,
        "2" : 0.000000,
        "4" : 0.000000,
        "8" : 0.000000,
        "16" : 0.000000,
        "32" : 0.000000,
        ">=64" : 0.000000
      },
      "iodepth_submit" : {
        "0" : 0.000000,
        "4" : 100.000000,
        "8" : 0.000000,
        "16" : 0.000000,
        "32" : 0.000000,
        "64" : 0.000000,
        ">=64" : 0.000000
      },
      "iodepth_complete" : {
        "0" : 0.000000,
        "4" : 100.000000,
        "8" : 0.000000,
        "16" : 0.000000,
        "32" : 0.000000,
        "64" : 0.000000,
        ">=64" : 0.000000
      },
      "latency_ns" : {
        "2" : 0.000000,
        "4" : 0.000000,
        "10" : 0.000000,
        "20" : 0.000000,
        "50" : 0.000000,
        "100" : 0.000000,
        "250" : 0.000000,
        "500" : 0.000000,
        "750" : 0.000000,
        "1000" : 0.000000
      },
      "latency_us" : {
        "2" : 0.000000,
        "4" : 0.000000,
        "10" : 0.000000,
        "20" : 5.157813,
        "50" : 92.751563,
        "100" : 1.683594,
        "250" : 0.300000,
        "500" : 0.069531,
        "750" : 0.010000,
        "1000" : 0.010000
      },
      "latency_ms" : {
        "2" : 0.011719,
        "4" : 0.011719,
        "10" : 0.010000,
        "20" : 0.010000,
        "50" : 0.000000,
        "100" : 0.000000,
        "250" : 0.000000,
        "500" : 0.000000,
        "750" : 0.000000,
        "1000" : 0.000000,
        "2000" : 0.000000,
        ">=2000" : 0.000000
      },
      "latency_depth" : 1,
      "latency_target" : 0,
      "latency_percentile" : 100.000000,
      "latency_window" : 0
    }
  ]
}
