{
  "fio version" : "fio-3.36",
  "timestamp" : 1775219364,
  "timestamp_ms" : 1775219364114,
  "time" : "Fri Apr  3 17:59:24 2026",
  "global options" : {
    "directory" : "/home/kishore/benchmark_arena/bindfs_mount"
  },
  "jobs" : [
    {
      "jobname" : "rand_write",
      "groupid" : 0,
      "job_start" : 1775219350214,
      "error" : 0,
      "eta" : 0,
      "elapsed" : 15,
      "job options" : {
        "rw" : "randwrite",
        "bs" : "4K",
        "size" : "1G",
        "iodepth" : "32",
        "direct" : "1",
        "fallocate" : "none"
      },
      "read" : {
        "io_bytes" : 0,
        "io_kbytes" : 0,
        "bw_bytes" : 0,
        "bw" : 0,
        "iops" : 0.000000,
        "runtime" : 0,
        "total_ios" : 0,
        "short_ios" : 0,
        "drop_ios" : 0,
        "slat_ns" : {
          "min" : 0,
          "max" : 0,
          "mean" : 0.000000,
          "stddev" : 0.000000,
          "N" : 0
        },
        "clat_ns" : {
          "min" : 0,
          "max" : 0,
          "mean" : 0.000000,
          "stddev" : 0.000000,
          "N" : 0
        },
        "lat_ns" : {
          "min" : 0,
          "max" : 0,
          "mean" : 0.000000,
          "stddev" : 0.000000,
          "N" : 0
        },
        "bw_min" : 0,
        "bw_max" : 0,
        "bw_agg" : 0.000000,
        "bw_mean" : 0.000000,
        "bw_dev" : 0.000000,
        "bw_samples" : 0,
        "iops_min" : 0,
        "iops_max" : 0,
        "iops_mean" : 0.000000,
        "iops_stddev" : 0.000000,
        "iops_samples" : 0
      },
      "write" : {
        "io_bytes" : 1073741824,
        "io_kbytes" : 1048576,
        "bw_bytes" : 77347775,
        "bw" : 75534,
        "iops" : 18883.734332,
        "runtime" : 13882,
        "total_ios" : 262144,
        "short_ios" : 0,
        "drop_ios" : 0,
        "slat_ns" : {
          "min" : 0,
          "max" : 0,
          "mean" : 0.000000,
          "stddev" : 0.000000,
          "N" : 0
        },
        "clat_ns" : {
          "min" : 12167,
          "max" : 988126876,
          "mean" : 52556.981304,
          "stddev" : 1933281.169200,
          "N" : 262144,
          "percentile" : {
            "1.000000" : 15936,
            "5.000000" : 18560,
            "10.000000" : 20608,
            "20.000000" : 23936,
            "30.000000" : 34560,
            "40.000000" : 41216,
            "50.000000" : 46336,
            "60.000000" : 50944,
            "70.000000" : 56064,
            "80.000000" : 61184,
            "90.000000" : 67072,
            "95.000000" : 73216,
            "99.000000" : 238592,
            "99.500000" : 268288,
            "99.900000" : 485376,
            "99.950000" : 684032,
            "99.990000" : 2342912
          }
        },
        "lat_ns" : {
          "min" : 12209,
          "max" : 988126918,
          "mean" : 52603.047165,
          "stddev" : 1933281.205207,
          "N" : 262144
        },
        "bw_min" : 6841,
        "bw_max" : 174252,
        "bw_agg" : 100.000000,
        "bw_mean" : 75922.923077,
        "bw_dev" : 32617.349653,
        "bw_samples" : 26,
        "iops_min" : 1710,
        "iops_max" : 43563,
        "iops_mean" : 18980.653846,
        "iops_stddev" : 8154.371662,
        "iops_samples" : 26
      },
      "trim" : {
        "io_bytes" : 0,
        "io_kbytes" : 0,
        "bw_bytes" : 0,
        "bw" : 0,
        "iops" : 0.000000,
        "runtime" : 0,
        "total_ios" : 0,
        "short_ios" : 0,
        "drop_ios" : 0,
        "slat_ns" : {
          "min" : 0,
          "max" : 0,
          "mean" : 0.000000,
          "stddev" : 0.000000,
          "N" : 0
        },
        "clat_ns" : {
          "min" : 0,
          "max" : 0,
          "mean" : 0.000000,
          "stddev" : 0.000000,
          "N" : 0
        },
        "lat_ns" : {
          "min" : 0,
          "max" : 0,
          "mean" : 0.000000,
          "stddev" : 0.000000,
          "N" : 0
        },
        "bw_min" : 0,
        "bw_max" : 0,
        "bw_agg" : 0.000000,
        "bw_mean" : 0.000000,
        "bw_dev" : 0.000000,
        "bw_samples" : 0,
        "iops_min" : 0,
        "iops_max" : 0,
        "iops_mean" : 0.000000,
        "iops_stddev" : 0.000000,
        "iops_samples" : 0
      },
      "sync" : {
        "total_ios" : 0,
        "lat_ns" : {
          "min" : 0,
          "max" : 0,
          "mean" : 0.000000,
          "stddev" : 0.000000,
          "N" : 0
        }
      },
      "job_runtime" : 13881,
      "usr_cpu" : 1.332757,
      "sys_cpu" : 10.402709,
      "ctx" : 524285,
      "majf" : 0,
      "minf" : 10,
      "iodepth_level" : {
        "1" : 100.000000,
        "2" : 0.000000,
        "4" : 0.000000,
        "8" : 0.000000,
        "16" : 0.000000,
        "32" : 0.000000,
        ">=64" : 0.000000
      },
      "iodepth_submit" : {
        "0" : 0.000000,
        "4" : 100.000000,
        "8" : 0.000000,
        "16" : 0.000000,
        "32" : 0.000000,
        "64" : 0.000000,
        ">=64" : 0.000000
      },
      "iodepth_complete" : {
        "0" : 0.000000,
        "4" : 100.000000,
        "8" : 0.000000,
        "16" : 0.000000,
        "32" : 0.000000,
        "64" : 0.000000,
        ">=64" : 0.000000
      },
      "latency_ns" : {
        "2" : 0.000000,
        "4" : 0.000000,
        "10" : 0.000000,
        "20" : 0.000000,
        "50" : 0.000000,
        "100" : 0.000000,
        "250" : 0.000000,
        "500" : 0.000000,
        "750" : 0.000000,
        "1000" : 0.000000
      },
      "latency_us" : {
        "2" : 0.000000,
        "4" : 0.000000,
        "10" : 0.000000,
        "20" : 8.544540,
        "50" : 49.235916,
        "100" : 40.419006,
        "250" : 1.000595,
        "500" : 0.703049,
        "750" : 0.054932,
        "1000" : 0.019073
      },
      "latency_ms" : {
        "2" : 0.011063,
        "4" : 0.010000,
        "10" : 0.010000,
        "20" : 0.010000,
        "50" : 0.010000,
        "100" : 0.000000,
        "250" : 0.000000,
        "500" : 0.000000,
        "750" : 0.000000,
        "1000" : 0.010000,
        "2000" : 0.000000,
        ">=2000" : 0.000000
      },
      "latency_depth" : 32,
      "latency_target" : 0,
      "latency_percentile" : 100.000000,
      "latency_window" : 0
    }
  ]
}
