{
  "fio version" : "fio-3.36",
  "timestamp" : 1775219370,
  "timestamp_ms" : 1775219370293,
  "time" : "Fri Apr  3 17:59:30 2026",
  "global options" : {
    "directory" : "/home/kishore/benchmark_arena/bindfs_mount"
  },
  "jobs" : [
    {
      "jobname" : "realistic_mix",
      "groupid" : 0,
      "job_start" : 1775219369109,
      "error" : 0,
      "eta" : 2147483647,
      "elapsed" : 2,
      "job options" : {
        "rw" : "randrw",
        "rwmixread" : "70",
        "bssplit" : "4k/50:64k/30:1m/20",
        "size" : "1G",
        "direct" : "1",
        "fallocate" : "none"
      },
      "read" : {
        "io_bytes" : 763936768,
        "io_kbytes" : 746032,
        "bw_bytes" : 652379818,
        "bw" : 637089,
        "iops" : 10638.770282,
        "runtime" : 1171,
        "total_ios" : 12458,
        "short_ios" : 0,
        "drop_ios" : 0,
        "slat_ns" : {
          "min" : 0,
          "max" : 0,
          "mean" : 0.000000,
          "stddev" : 0.000000,
          "N" : 0
        },
        "clat_ns" : {
          "min" : 4584,
          "max" : 732406,
          "mean" : 48243.605153,
          "stddev" : 67592.019976,
          "N" : 12458,
          "percentile" : {
            "1.000000" : 22656,
            "5.000000" : 23680,
            "10.000000" : 24192,
            "20.000000" : 25216,
            "30.000000" : 26496,
            "40.000000" : 27520,
            "50.000000" : 29824,
            "60.000000" : 33536,
            "70.000000" : 39680,
            "80.000000" : 46848,
            "90.000000" : 58112,
            "95.000000" : 124416,
            "99.000000" : 448512,
            "99.500000" : 528384,
            "99.900000" : 610304,
            "99.950000" : 651264,
            "99.990000" : 684032
          }
        },
        "lat_ns" : {
          "min" : 4625,
          "max" : 732573,
          "mean" : 48278.670734,
          "stddev" : 67592.924254,
          "N" : 12458
        },
        "bw_min" : 517864,
        "bw_max" : 830819,
        "bw_agg" : 100.000000,
        "bw_mean" : 674341.500000,
        "bw_dev" : 221292.602706,
        "bw_samples" : 2,
        "iops_min" : 7328,
        "iops_max" : 12652,
        "iops_mean" : 9990.000000,
        "iops_stddev" : 3764.636503,
        "iops_samples" : 2
      },
      "write" : {
        "io_bytes" : 309805056,
        "io_kbytes" : 302544,
        "bw_bytes" : 264564522,
        "bw" : 258363,
        "iops" : 4531.169940,
        "runtime" : 1171,
        "total_ios" : 5306,
        "short_ios" : 0,
        "drop_ios" : 0,
        "slat_ns" : {
          "min" : 0,
          "max" : 0,
          "mean" : 0.000000,
          "stddev" : 0.000000,
          "N" : 0
        },
        "clat_ns" : {
          "min" : 19417,
          "max" : 1472895,
          "mean" : 104222.701658,
          "stddev" : 116560.347526,
          "N" : 5306,
          "percentile" : {
            "1.000000" : 58624,
            "5.000000" : 62208,
            "10.000000" : 63232,
            "20.000000" : 65280,
            "30.000000" : 67072,
            "40.000000" : 69120,
            "50.000000" : 72192,
            "60.000000" : 81408,
            "70.000000" : 93696,
            "80.000000" : 101888,
            "90.000000" : 119296,
            "95.000000" : 224256,
            "99.000000" : 847872,
            "99.500000" : 905216,
            "99.900000" : 1089536,
            "99.950000" : 1122304,
            "99.990000" : 1466368
          }
        },
        "lat_ns" : {
          "min" : 19459,
          "max" : 1481978,
          "mean" : 104616.971919,
          "stddev" : 117341.668663,
          "N" : 5306
        },
        "bw_min" : 210792,
        "bw_max" : 330875,
        "bw_agg" : 100.000000,
        "bw_mean" : 270833.500000,
        "bw_dev" : 84911.503605,
        "bw_samples" : 2,
        "iops_min" : 3295,
        "iops_max" : 5312,
        "iops_mean" : 4303.500000,
        "iops_stddev" : 1426.234378,
        "iops_samples" : 2
      },
      "trim" : {
        "io_bytes" : 0,
        "io_kbytes" : 0,
        "bw_bytes" : 0,
        "bw" : 0,
        "iops" : 0.000000,
        "runtime" : 0,
        "total_ios" : 0,
        "short_ios" : 0,
        "drop_ios" : 0,
        "slat_ns" : {
          "min" : 0,
          "max" : 0,
          "mean" : 0.000000,
          "stddev" : 0.000000,
          "N" : 0
        },
        "clat_ns" : {
          "min" : 0,
          "max" : 0,
          "mean" : 0.000000,
          "stddev" : 0.000000,
          "N" : 0
        },
        "lat_ns" : {
          "min" : 0,
          "max" : 0,
          "mean" : 0.000000,
          "stddev" : 0.000000,
          "N" : 0
        },
        "bw_min" : 0,
        "bw_max" : 0,
        "bw_agg" : 0.000000,
        "bw_mean" : 0.000000,
        "bw_dev" : 0.000000,
        "bw_samples" : 0,
        "iops_min" : 0,
        "iops_max" : 0,
        "iops_mean" : 0.000000,
        "iops_stddev" : 0.000000,
        "iops_samples" : 0
      },
      "sync" : {
        "total_ios" : 0,
        "lat_ns" : {
          "min" : 0,
          "max" : 0,
          "mean" : 0.000000,
          "stddev" : 0.000000,
          "N" : 0
        }
      },
      "job_runtime" : 1170,
      "usr_cpu" : 3.931624,
      "sys_cpu" : 12.307692,
      "ctx" : 27252,
      "majf" : 0,
      "minf" : 12,
      "iodepth_level" : {
        "1" : 100.000000,
        "2" : 0.000000,
        "4" : 0.000000,
        "8" : 0.000000,
        "16" : 0.000000,
        "32" : 0.000000,
        ">=64" : 0.000000
      },
      "iodepth_submit" : {
        "0" : 0.000000,
        "4" : 100.000000,
        "8" : 0.000000,
        "16" : 0.000000,
        "32" : 0.000000,
        "64" : 0.000000,
        ">=64" : 0.000000
      },
      "iodepth_complete" : {
        "0" : 0.000000,
        "4" : 100.000000,
        "8" : 0.000000,
        "16" : 0.000000,
        "32" : 0.000000,
        "64" : 0.000000,
        ">=64" : 0.000000
      },
      "latency_ns" : {
        "2" : 0.000000,
        "4" : 0.000000,
        "10" : 0.000000,
        "20" : 0.000000,
        "50" : 0.000000,
        "100" : 0.000000,
        "250" : 0.000000,
        "500" : 0.000000,
        "750" : 0.000000,
        "1000" : 0.000000
      },
      "latency_us" : {
        "2" : 0.000000,
        "4" : 0.000000,
        "10" : 0.202657,
        "20" : 0.309615,
        "50" : 59.097050,
        "100" : 29.041882,
        "250" : 8.280793,
        "500" : 1.947760,
        "750" : 0.714929,
        "1000" : 0.332132
      },
      "latency_ms" : {
        "2" : 0.073182,
        "4" : 0.000000,
        "10" : 0.000000,
        "20" : 0.000000,
        "50" : 0.000000,
        "100" : 0.000000,
        "250" : 0.000000,
        "500" : 0.000000,
        "750" : 0.000000,
        "1000" : 0.000000,
        "2000" : 0.000000,
        ">=2000" : 0.000000
      },
      "latency_depth" : 1,
      "latency_target" : 0,
      "latency_percentile" : 100.000000,
      "latency_window" : 0
    }
  ]
}
