{
  "fio version" : "fio-3.36",
  "timestamp" : 1774701547,
  "timestamp_ms" : 1774701547775,
  "time" : "Sat Mar 28 18:09:07 2026",
  "global options" : {
    "directory" : "/home/kishore/benchmark_arena/btrfs_mount"
  },
  "jobs" : [
    {
      "jobname" : "paranoid_db",
      "groupid" : 0,
      "job_start" : 1774701105907,
      "error" : 0,
      "eta" : 0,
      "elapsed" : 443,
      "job options" : {
        "rw" : "randwrite",
        "bs" : "4k",
        "size" : "500M",
        "fsync" : "1",
        "direct" : "1",
        "fallocate" : "none"
      },
      "read" : {
        "io_bytes" : 0,
        "io_kbytes" : 0,
        "bw_bytes" : 0,
        "bw" : 0,
        "iops" : 0.000000,
        "runtime" : 0,
        "total_ios" : 0,
        "short_ios" : 0,
        "drop_ios" : 0,
        "slat_ns" : {
          "min" : 0,
          "max" : 0,
          "mean" : 0.000000,
          "stddev" : 0.000000,
          "N" : 0
        },
        "clat_ns" : {
          "min" : 0,
          "max" : 0,
          "mean" : 0.000000,
          "stddev" : 0.000000,
          "N" : 0
        },
        "lat_ns" : {
          "min" : 0,
          "max" : 0,
          "mean" : 0.000000,
          "stddev" : 0.000000,
          "N" : 0
        },
        "bw_min" : 0,
        "bw_max" : 0,
        "bw_agg" : 0.000000,
        "bw_mean" : 0.000000,
        "bw_dev" : 0.000000,
        "bw_samples" : 0,
        "iops_min" : 0,
        "iops_max" : 0,
        "iops_mean" : 0.000000,
        "iops_stddev" : 0.000000,
        "iops_samples" : 0
      },
      "write" : {
        "io_bytes" : 524288000,
        "io_kbytes" : 512000,
        "bw_bytes" : 1186537,
        "bw" : 1158,
        "iops" : 289.681893,
        "runtime" : 441864,
        "total_ios" : 128000,
        "short_ios" : 0,
        "drop_ios" : 0,
        "slat_ns" : {
          "min" : 0,
          "max" : 0,
          "mean" : 0.000000,
          "stddev" : 0.000000,
          "N" : 0
        },
        "clat_ns" : {
          "min" : 9000,
          "max" : 17635777,
          "mean" : 50114.775867,
          "stddev" : 116580.123397,
          "N" : 128000,
          "percentile" : {
            "1.000000" : 11968,
            "5.000000" : 14656,
            "10.000000" : 17024,
            "20.000000" : 20864,
            "30.000000" : 24448,
            "40.000000" : 28032,
            "50.000000" : 33536,
            "60.000000" : 40704,
            "70.000000" : 48896,
            "80.000000" : 60160,
            "90.000000" : 82432,
            "95.000000" : 117248,
            "99.000000" : 276480,
            "99.500000" : 419840,
            "99.900000" : 1318912,
            "99.950000" : 2023424,
            "99.990000" : 3981312
          }
        },
        "lat_ns" : {
          "min" : 9042,
          "max" : 17636485,
          "mean" : 50235.440023,
          "stddev" : 116771.063085,
          "N" : 128000
        },
        "bw_min" : 120,
        "bw_max" : 2688,
        "bw_agg" : 100.000000,
        "bw_mean" : 1159.654938,
        "bw_dev" : 433.154496,
        "bw_samples" : 881,
        "iops_min" : 30,
        "iops_max" : 672,
        "iops_mean" : 289.735528,
        "iops_stddev" : 108.301995,
        "iops_samples" : 881
      },
      "trim" : {
        "io_bytes" : 0,
        "io_kbytes" : 0,
        "bw_bytes" : 0,
        "bw" : 0,
        "iops" : 0.000000,
        "runtime" : 0,
        "total_ios" : 0,
        "short_ios" : 0,
        "drop_ios" : 0,
        "slat_ns" : {
          "min" : 0,
          "max" : 0,
          "mean" : 0.000000,
          "stddev" : 0.000000,
          "N" : 0
        },
        "clat_ns" : {
          "min" : 0,
          "max" : 0,
          "mean" : 0.000000,
          "stddev" : 0.000000,
          "N" : 0
        },
        "lat_ns" : {
          "min" : 0,
          "max" : 0,
          "mean" : 0.000000,
          "stddev" : 0.000000,
          "N" : 0
        },
        "bw_min" : 0,
        "bw_max" : 0,
        "bw_agg" : 0.000000,
        "bw_mean" : 0.000000,
        "bw_dev" : 0.000000,
        "bw_samples" : 0,
        "iops_min" : 0,
        "iops_max" : 0,
        "iops_mean" : 0.000000,
        "iops_stddev" : 0.000000,
        "iops_samples" : 0
      },
      "sync" : {
        "total_ios" : 127999,
        "lat_ns" : {
          "min" : 1075586,
          "max" : 408229425,
          "mean" : 3399891.948750,
          "stddev" : 4069586.293296,
          "N" : 127999,
          "percentile" : {
            "1.000000" : 1269760,
            "5.000000" : 1368064,
            "10.000000" : 1499136,
            "20.000000" : 1892352,
            "30.000000" : 2408448,
            "40.000000" : 2768896,
            "50.000000" : 3129344,
            "60.000000" : 3457024,
            "70.000000" : 3784704,
            "80.000000" : 4227072,
            "90.000000" : 5013504,
            "95.000000" : 5799936,
            "99.000000" : 9240576,
            "99.500000" : 12386304,
            "99.900000" : 50593792,
            "99.950000" : 84410368,
            "99.990000" : 164626432
          }
        }
      },
      "job_runtime" : 441863,
      "usr_cpu" : 0.107047,
      "sys_cpu" : 4.721373,
      "ctx" : 520130,
      "majf" : 1,
      "minf" : 233,
      "iodepth_level" : {
        "1" : 199.999219,
        "2" : 0.000000,
        "4" : 0.000000,
        "8" : 0.000000,
        "16" : 0.000000,
        "32" : 0.000000,
        ">=64" : 0.000000
      },
      "iodepth_submit" : {
        "0" : 0.000000,
        "4" : 100.000000,
        "8" : 0.000000,
        "16" : 0.000000,
        "32" : 0.000000,
        "64" : 0.000000,
        ">=64" : 0.000000
      },
      "iodepth_complete" : {
        "0" : 0.000000,
        "4" : 100.000000,
        "8" : 0.000000,
        "16" : 0.000000,
        "32" : 0.000000,
        "64" : 0.000000,
        ">=64" : 0.000000
      },
      "latency_ns" : {
        "2" : 0.000000,
        "4" : 0.000000,
        "10" : 0.000000,
        "20" : 0.000000,
        "50" : 0.000000,
        "100" : 0.000000,
        "250" : 0.000000,
        "500" : 0.000000,
        "750" : 0.000000,
        "1000" : 0.000000
      },
      "latency_us" : {
        "2" : 0.000000,
        "4" : 0.000000,
        "10" : 0.047656,
        "20" : 17.683594,
        "50" : 53.193750,
        "100" : 22.239844,
        "250" : 5.644531,
        "500" : 0.806250,
        "750" : 0.162500,
        "1000" : 0.072656
      },
      "latency_ms" : {
        "2" : 0.097656,
        "4" : 0.042188,
        "10" : 0.010000,
        "20" : 0.010000,
        "50" : 0.000000,
        "100" : 0.000000,
        "250" : 0.000000,
        "500" : 0.000000,
        "750" : 0.000000,
        "1000" : 0.000000,
        "2000" : 0.000000,
        ">=2000" : 0.000000
      },
      "latency_depth" : 1,
      "latency_target" : 0,
      "latency_percentile" : 100.000000,
      "latency_window" : 0
    }
  ]
}
