{
  "fio version" : "fio-3.36",
  "timestamp" : 1775302716,
  "timestamp_ms" : 1775302716454,
  "time" : "Sat Apr  4 17:08:36 2026",
  "global options" : {
    "directory" : "/home/kishore/benchmark_arena/btrfs_mount",
    "ioengine" : "io_uring",
    "direct" : "1",
    "group_reporting" : "1",
    "thread" : "1",
    "time_based" : "1",
    "runtime" : "45",
    "ramp_time" : "5",
    "randrepeat" : "1",
    "randseed" : "42",
    "fallocate" : "none"
  },
  "jobs" : [
    {
      "jobname" : "realistic_mix",
      "groupid" : 0,
      "job_start" : 1775302671438,
      "error" : 0,
      "eta" : 0,
      "elapsed" : 51,
      "job options" : {
        "rw" : "randrw",
        "rwmixread" : "70",
        "bssplit" : "4k/50:64k/30:1m/20",
        "iodepth" : "32",
        "numjobs" : "4",
        "size" : "1G",
        "filename" : "bench_realistic_mix.dat"
      },
      "read" : {
        "io_bytes" : 173477584896,
        "io_kbytes" : 169411704,
        "bw_bytes" : 3854971776,
        "bw" : 3764620,
        "iops" : 66024.243906,
        "runtime" : 45001,
        "total_ios" : 2971157,
        "short_ios" : 0,
        "drop_ios" : 0,
        "slat_ns" : {
          "min" : 250,
          "max" : 42703445,
          "mean" : 54596.385174,
          "stddev" : 136589.763043,
          "N" : 2971161
        },
        "clat_ns" : {
          "min" : 0,
          "max" : 47995833,
          "mean" : 1114680.320857,
          "stddev" : 1108297.695935,
          "N" : 2971248,
          "percentile" : {
            "1.000000" : 125,
            "5.000000" : 7136,
            "10.000000" : 17536,
            "20.000000" : 42240,
            "30.000000" : 288768,
            "40.000000" : 561152,
            "50.000000" : 888832,
            "60.000000" : 1220608,
            "70.000000" : 1564672,
            "80.000000" : 1974272,
            "90.000000" : 2572288,
            "95.000000" : 3129344,
            "99.000000" : 4358144,
            "99.500000" : 4882432,
            "99.900000" : 6258688,
            "99.950000" : 7045120,
            "99.990000" : 10289152
          }
        },
        "lat_ns" : {
          "min" : 1791,
          "max" : 48101629,
          "mean" : 1169278.856179,
          "stddev" : 1140184.615784,
          "N" : 2971248
        },
        "bw_min" : 1715073,
        "bw_max" : 4876676,
        "bw_agg" : 100.000000,
        "bw_mean" : 3769233.528090,
        "bw_dev" : 189878.083650,
        "bw_samples" : 356,
        "iops_min" : 46080,
        "iops_max" : 78448,
        "iops_mean" : 66040.179775,
        "iops_stddev" : 1565.188426,
        "iops_samples" : 356
      },
      "write" : {
        "io_bytes" : 74258673664,
        "io_kbytes" : 72518236,
        "bw_bytes" : 1650156077,
        "bw" : 1611480,
        "iops" : 28308.482034,
        "runtime" : 45001,
        "total_ios" : 1273910,
        "short_ios" : 0,
        "drop_ios" : 0,
        "slat_ns" : {
          "min" : 250,
          "max" : 1494853,
          "mean" : 2770.805293,
          "stddev" : 10566.709006,
          "N" : 1273910
        },
        "clat_ns" : {
          "min" : 83,
          "max" : 48165049,
          "mean" : 1790504.880846,
          "stddev" : 1200187.292701,
          "N" : 1273943,
          "percentile" : {
            "1.000000" : 240640,
            "5.000000" : 346112,
            "10.000000" : 444416,
            "20.000000" : 741376,
            "30.000000" : 1044480,
            "40.000000" : 1335296,
            "50.000000" : 1613824,
            "60.000000" : 1908736,
            "70.000000" : 2244608,
            "80.000000" : 2670592,
            "90.000000" : 3293184,
            "95.000000" : 3883008,
            "99.000000" : 5210112,
            "99.500000" : 5799936,
            "99.900000" : 7372800,
            "99.950000" : 8454144,
            "99.990000" : 13959168
          }
        },
        "lat_ns" : {
          "min" : 7459,
          "max" : 48166632,
          "mean" : 1793275.715856,
          "stddev" : 1200361.423338,
          "N" : 1273943
        },
        "bw_min" : 721185,
        "bw_max" : 2161856,
        "bw_agg" : 100.000000,
        "bw_mean" : 1613609.561798,
        "bw_dev" : 81582.016499,
        "bw_samples" : 356,
        "iops_min" : 19880,
        "iops_max" : 33560,
        "iops_mean" : 28317.112360,
        "iops_stddev" : 679.253309,
        "iops_samples" : 356
      },
      "trim" : {
        "io_bytes" : 0,
        "io_kbytes" : 0,
        "bw_bytes" : 0,
        "bw" : 0,
        "iops" : 0.000000,
        "runtime" : 0,
        "total_ios" : 0,
        "short_ios" : 0,
        "drop_ios" : 0,
        "slat_ns" : {
          "min" : 0,
          "max" : 0,
          "mean" : 0.000000,
          "stddev" : 0.000000,
          "N" : 0
        },
        "clat_ns" : {
          "min" : 0,
          "max" : 0,
          "mean" : 0.000000,
          "stddev" : 0.000000,
          "N" : 0
        },
        "lat_ns" : {
          "min" : 0,
          "max" : 0,
          "mean" : 0.000000,
          "stddev" : 0.000000,
          "N" : 0
        },
        "bw_min" : 0,
        "bw_max" : 0,
        "bw_agg" : 0.000000,
        "bw_mean" : 0.000000,
        "bw_dev" : 0.000000,
        "bw_samples" : 0,
        "iops_min" : 0,
        "iops_max" : 0,
        "iops_mean" : 0.000000,
        "iops_stddev" : 0.000000,
        "iops_samples" : 0
      },
      "sync" : {
        "total_ios" : 0,
        "lat_ns" : {
          "min" : 0,
          "max" : 0,
          "mean" : 0.000000,
          "stddev" : 0.000000,
          "N" : 0
        }
      },
      "job_runtime" : 180000,
      "usr_cpu" : 2.702778,
      "sys_cpu" : 5.629444,
      "ctx" : 1248439,
      "majf" : 0,
      "minf" : 0,
      "iodepth_level" : {
        "1" : 0.000000,
        "2" : 0.000000,
        "4" : 0.000000,
        "8" : 0.000000,
        "16" : 0.000000,
        "32" : 100.000000,
        ">=64" : 0.000000
      },
      "iodepth_submit" : {
        "0" : 0.000000,
        "4" : 100.000000,
        "8" : 0.000000,
        "16" : 0.000000,
        "32" : 0.000000,
        "64" : 0.000000,
        ">=64" : 0.000000
      },
      "iodepth_complete" : {
        "0" : 0.000000,
        "4" : 99.999906,
        "8" : 0.000000,
        "16" : 0.000000,
        "32" : 0.100000,
        "64" : 0.000000,
        ">=64" : 0.000000
      },
      "latency_ns" : {
        "2" : 0.010000,
        "4" : 0.000000,
        "10" : 0.000000,
        "20" : 0.000000,
        "50" : 0.059716,
        "100" : 0.490876,
        "250" : 0.284424,
        "500" : 0.209726,
        "750" : 0.101435,
        "1000" : 0.180563
      },
      "latency_us" : {
        "2" : 0.257734,
        "4" : 0.793910,
        "10" : 2.123641,
        "20" : 3.301903,
        "50" : 7.695144,
        "100" : 2.164112,
        "250" : 2.853971,
        "500" : 9.874991,
        "750" : 7.715261,
        "1000" : 7.733141
      },
      "latency_ms" : {
        "2" : 29.338665,
        "4" : 22.384499,
        "10" : 2.422671,
        "20" : 0.010624,
        "50" : 0.010000,
        "100" : 0.000000,
        "250" : 0.000000,
        "500" : 0.000000,
        "750" : 0.000000,
        "1000" : 0.000000,
        "2000" : 0.000000,
        ">=2000" : 0.000000
      },
      "latency_depth" : 32,
      "latency_target" : 0,
      "latency_percentile" : 100.000000,
      "latency_window" : 0
    }
  ]
}
