{
  "fio version" : "fio-3.36",
  "timestamp" : 1775374903,
  "timestamp_ms" : 1775374903545,
  "time" : "Sun Apr  5 13:11:43 2026",
  "global options" : {
    "directory" : "/home/kishore/benchmark_arena/ext4_mount",
    "ioengine" : "io_uring",
    "direct" : "1",
    "group_reporting" : "1",
    "thread" : "1",
    "time_based" : "1",
    "runtime" : "45",
    "ramp_time" : "5",
    "randrepeat" : "1",
    "randseed" : "42",
    "fallocate" : "none"
  },
  "jobs" : [
    {
      "jobname" : "realistic_mix",
      "groupid" : 0,
      "job_start" : 1775374858517,
      "error" : 0,
      "eta" : 0,
      "elapsed" : 51,
      "job options" : {
        "rw" : "randrw",
        "rwmixread" : "50",
        "bssplit" : "4k/80:64k/20",
        "iodepth" : "64",
        "numjobs" : "8",
        "size" : "1G",
        "fsync" : "1",
        "filename" : "bench_realistic_mix.dat"
      },
      "read" : {
        "io_bytes" : 4389797888,
        "io_kbytes" : 4286912,
        "bw_bytes" : 97527224,
        "bw" : 95241,
        "iops" : 12239.741397,
        "runtime" : 45011,
        "total_ios" : 550923,
        "short_ios" : 0,
        "drop_ios" : 0,
        "slat_ns" : {
          "min" : 250,
          "max" : 194454583,
          "mean" : 218049.662643,
          "stddev" : 997302.524617,
          "N" : 550923
        },
        "clat_ns" : {
          "min" : 41,
          "max" : 257828624,
          "mean" : 1130179.217368,
          "stddev" : 4090691.957449,
          "N" : 550931,
          "percentile" : {
            "1.000000" : 125,
            "5.000000" : 334,
            "10.000000" : 5024,
            "20.000000" : 12992,
            "30.000000" : 21632,
            "40.000000" : 33024,
            "50.000000" : 58624,
            "60.000000" : 171008,
            "70.000000" : 428032,
            "80.000000" : 1105920,
            "90.000000" : 3489792,
            "95.000000" : 6979584,
            "99.000000" : 11337728,
            "99.500000" : 13172736,
            "99.900000" : 24772608,
            "99.950000" : 45350912,
            "99.990000" : 206569472
          }
        },
        "lat_ns" : {
          "min" : 2250,
          "max" : 257867374,
          "mean" : 1348228.387548,
          "stddev" : 4235102.050174,
          "N" : 550931
        },
        "bw_min" : 45326,
        "bw_max" : 199872,
        "bw_agg" : 99.647811,
        "bw_mean" : 94906.696629,
        "bw_dev" : 3897.800642,
        "bw_samples" : 712,
        "iops_min" : 6202,
        "iops_max" : 15387,
        "iops_mean" : 12255.865169,
        "iops_stddev" : 195.594828,
        "iops_samples" : 712
      },
      "write" : {
        "io_bytes" : 4346187776,
        "io_kbytes" : 4244324,
        "bw_bytes" : 96558347,
        "bw" : 94295,
        "iops" : 12167.025838,
        "runtime" : 45011,
        "total_ios" : 547650,
        "short_ios" : 0,
        "drop_ios" : 0,
        "slat_ns" : {
          "min" : 292,
          "max" : 19196791,
          "mean" : 2336.973153,
          "stddev" : 33366.156901,
          "N" : 547650
        },
        "clat_ns" : {
          "min" : 83,
          "max" : 254270624,
          "mean" : 4764103.535957,
          "stddev" : 7043420.395985,
          "N" : 547689,
          "percentile" : {
            "1.000000" : 15040,
            "5.000000" : 128512,
            "10.000000" : 292864,
            "20.000000" : 888832,
            "30.000000" : 1794048,
            "40.000000" : 2703360,
            "50.000000" : 3784704,
            "60.000000" : 5013504,
            "70.000000" : 6324224,
            "80.000000" : 7700480,
            "90.000000" : 9502720,
            "95.000000" : 11206656,
            "99.000000" : 16449536,
            "99.500000" : 23199744,
            "99.900000" : 96993280,
            "99.950000" : 198180864,
            "99.990000" : 231735296
          }
        },
        "lat_ns" : {
          "min" : 7208,
          "max" : 254271707,
          "mean" : 4766440.592307,
          "stddev" : 7043200.569460,
          "N" : 547689
        },
        "bw_min" : 45503,
        "bw_max" : 195934,
        "bw_agg" : 99.645517,
        "bw_mean" : 93961.584270,
        "bw_dev" : 3824.297872,
        "bw_samples" : 712,
        "iops_min" : 6052,
        "iops_max" : 15044,
        "iops_mean" : 12180.089888,
        "iops_stddev" : 194.818103,
        "iops_samples" : 712
      },
      "trim" : {
        "io_bytes" : 0,
        "io_kbytes" : 0,
        "bw_bytes" : 0,
        "bw" : 0,
        "iops" : 0.000000,
        "runtime" : 0,
        "total_ios" : 0,
        "short_ios" : 0,
        "drop_ios" : 0,
        "slat_ns" : {
          "min" : 0,
          "max" : 0,
          "mean" : 0.000000,
          "stddev" : 0.000000,
          "N" : 0
        },
        "clat_ns" : {
          "min" : 0,
          "max" : 0,
          "mean" : 0.000000,
          "stddev" : 0.000000,
          "N" : 0
        },
        "lat_ns" : {
          "min" : 0,
          "max" : 0,
          "mean" : 0.000000,
          "stddev" : 0.000000,
          "N" : 0
        },
        "bw_min" : 0,
        "bw_max" : 0,
        "bw_agg" : 0.000000,
        "bw_mean" : 0.000000,
        "bw_dev" : 0.000000,
        "bw_samples" : 0,
        "iops_min" : 0,
        "iops_max" : 0,
        "iops_mean" : 0.000000,
        "iops_stddev" : 0.000000,
        "iops_samples" : 0
      },
      "sync" : {
        "total_ios" : 1098602,
        "lat_ns" : {
          "min" : 3108667,
          "max" : 272542291,
          "mean" : 18016993.973996,
          "stddev" : 11799682.690125,
          "N" : 1099059,
          "percentile" : {
            "1.000000" : 8159232,
            "5.000000" : 10289152,
            "10.000000" : 11468800,
            "20.000000" : 13041664,
            "30.000000" : 14352384,
            "40.000000" : 15400960,
            "50.000000" : 16580608,
            "60.000000" : 17694720,
            "70.000000" : 19267584,
            "80.000000" : 21102592,
            "90.000000" : 23724032,
            "95.000000" : 26345472,
            "99.000000" : 51118080,
            "99.500000" : 77070336,
            "99.900000" : 223346688,
            "99.950000" : 238026752,
            "99.990000" : 267386880
          }
        }
      },
      "job_runtime" : 360074,
      "usr_cpu" : 0.439076,
      "sys_cpu" : 1.277515,
      "ctx" : 487327,
      "majf" : 0,
      "minf" : 43,
      "iodepth_level" : {
        "1" : 0.000000,
        "2" : 0.000000,
        "4" : 0.000000,
        "8" : 0.000000,
        "16" : 0.000000,
        "32" : 0.000000,
        ">=64" : 200.002640
      },
      "iodepth_submit" : {
        "0" : 0.000000,
        "4" : 100.000000,
        "8" : 0.000000,
        "16" : 0.000000,
        "32" : 0.000000,
        "64" : 0.000000,
        ">=64" : 0.000000
      },
      "iodepth_complete" : {
        "0" : 0.000000,
        "4" : 99.999636,
        "8" : 0.000000,
        "16" : 0.000000,
        "32" : 0.000000,
        "64" : 0.100000,
        ">=64" : 0.000000
      },
      "latency_ns" : {
        "2" : 0.000000,
        "4" : 0.000000,
        "10" : 0.000000,
        "20" : 0.000000,
        "50" : 0.010000,
        "100" : 0.179870,
        "250" : 1.429400,
        "500" : 1.521428,
        "750" : 0.235214,
        "1000" : 0.089571
      },
      "latency_us" : {
        "2" : 0.353185,
        "4" : 0.859115,
        "10" : 3.736028,
        "20" : 6.422332,
        "50" : 10.541493,
        "100" : 4.246964,
        "250" : 6.858079,
        "500" : 6.791811,
        "750" : 3.928824,
        "1000" : 2.994157
      },
      "latency_ms" : {
        "2" : 8.992575,
        "4" : 12.124820,
        "10" : 23.769108,
        "20" : 4.539616,
        "50" : 0.273719,
        "100" : 0.054707,
        "250" : 0.055253,
        "500" : 0.010000,
        "750" : 0.000000,
        "1000" : 0.000000,
        "2000" : 0.000000,