{
  "fio version" : "fio-3.36",
  "timestamp" : 1775303948,
  "timestamp_ms" : 1775303948647,
  "time" : "Sat Apr  4 17:29:08 2026",
  "global options" : {
    "directory" : "/home/kishore/benchmark_arena/bindfs_mount",
    "ioengine" : "io_uring",
    "direct" : "1",
    "group_reporting" : "1",
    "thread" : "1",
    "time_based" : "1",
    "runtime" : "45",
    "ramp_time" : "5",
    "randrepeat" : "1",
    "randseed" : "42",
    "fallocate" : "none"
  },
  "jobs" : [
    {
      "jobname" : "realistic_mix",
      "groupid" : 0,
      "job_start" : 1775303902967,
      "error" : 0,
      "eta" : 0,
      "elapsed" : 51,
      "job options" : {
        "rw" : "randrw",
        "rwmixread" : "70",
        "bssplit" : "4k/50:64k/30:1m/20",
        "iodepth" : "32",
        "numjobs" : "4",
        "size" : "1G",
        "end_fsync" : "1",
        "filename" : "bench_realistic_mix.dat"
      },
      "read" : {
        "io_bytes" : 44856471552,
        "io_kbytes" : 43805148,
        "bw_bytes" : 982531027,
        "bw" : 959502,
        "iops" : 16808.143865,
        "runtime" : 45654,
        "total_ios" : 767359,
        "short_ios" : 0,
        "drop_ios" : 0,
        "slat_ns" : {
          "min" : 3083,
          "max" : 648390540,
          "mean" : 78987.177976,
          "stddev" : 752043.269537,
          "N" : 767360
        },
        "clat_ns" : {
          "min" : 5791,
          "max" : 655599706,
          "mean" : 5165843.540998,
          "stddev" : 6477817.973394,
          "N" : 767445,
          "percentile" : {
            "1.000000" : 2310144,
            "5.000000" : 2867200,
            "10.000000" : 3162112,
            "20.000000" : 3588096,
            "30.000000" : 3948544,
            "40.000000" : 4292608,
            "50.000000" : 4620288,
            "60.000000" : 5013504,
            "70.000000" : 5537792,
            "80.000000" : 6324224,
            "90.000000" : 7634944,
            "95.000000" : 8978432,
            "99.000000" : 12255232,
            "99.500000" : 13828096,
            "99.900000" : 19005440,
            "99.950000" : 27918336,
            "99.990000" : 37486592
          }
        },
        "lat_ns" : {
          "min" : 363125,
          "max" : 655618914,
          "mean" : 5244828.074284,
          "stddev" : 6529454.347479,
          "N" : 767445
        },
        "bw_min" : 483719,
        "bw_max" : 1804130,
        "bw_agg" : 100.000000,
        "bw_mean" : 972110.268789,
        "bw_dev" : 78411.432516,
        "bw_samples" : 359,
        "iops_min" : 7998,
        "iops_max" : 24566,
        "iops_mean" : 17016.069413,
        "iops_stddev" : 1024.541244,
        "iops_samples" : 359
      },
      "write" : {
        "io_bytes" : 19129921536,
        "io_kbytes" : 18681564,
        "bw_bytes" : 419019615,
        "bw" : 409198,
        "iops" : 7173.807333,
        "runtime" : 45654,
        "total_ios" : 327513,
        "short_ios" : 0,
        "drop_ios" : 0,
        "slat_ns" : {
          "min" : 14958,
          "max" : 651232331,
          "mean" : 366660.304150,
          "stddev" : 1642987.966775,
          "N" : 327516
        },
        "clat_ns" : {
          "min" : 2625,
          "max" : 655717164,
          "mean" : 5118372.432598,
          "stddev" : 5908809.154175,
          "N" : 327551,
          "percentile" : {
            "1.000000" : 2310144,
            "5.000000" : 2834432,
            "10.000000" : 3162112,
            "20.000000" : 3555328,
            "30.000000" : 3915776,
            "40.000000" : 4227072,
            "50.000000" : 4554752,
            "60.000000" : 5013504,
            "70.000000" : 5537792,
            "80.000000" : 6258688,
            "90.000000" : 7569408,
            "95.000000" : 8978432,
            "99.000000" : 12124160,
            "99.500000" : 13697024,
            "99.900000" : 18743296,
            "99.950000" : 24510464,
            "99.990000" : 35389440
          }
        },
        "lat_ns" : {
          "min" : 311125,
          "max" : 656042497,
          "mean" : 5485026.372776,
          "stddev" : 6152098.012876,
          "N" : 327551
        },
        "bw_min" : 203381,
        "bw_max" : 772185,
        "bw_agg" : 100.000000,
        "bw_mean" : 414609.723970,
        "bw_dev" : 34807.825468,
        "bw_samples" : 359,
        "iops_min" : 3432,
        "iops_max" : 10432,
        "iops_mean" : 7262.524469,
        "iops_stddev" : 429.396329,
        "iops_samples" : 359
      },
      "trim" : {
        "io_bytes" : 0,
        "io_kbytes" : 0,
        "bw_bytes" : 0,
        "bw" : 0,
        "iops" : 0.000000,
        "runtime" : 0,
        "total_ios" : 0,
        "short_ios" : 0,
        "drop_ios" : 0,
        "slat_ns" : {
          "min" : 0,
          "max" : 0,
          "mean" : 0.000000,
          "stddev" : 0.000000,
          "N" : 0
        },
        "clat_ns" : {
          "min" : 0,
          "max" : 0,
          "mean" : 0.000000,
          "stddev" : 0.000000,
          "N" : 0
        },
        "lat_ns" : {
          "min" : 0,
          "max" : 0,
          "mean" : 0.000000,
          "stddev" : 0.000000,
          "N" : 0
        },
        "bw_min" : 0,
        "bw_max" : 0,
        "bw_agg" : 0.000000,
        "bw_mean" : 0.000000,
        "bw_dev" : 0.000000,
        "bw_samples" : 0,
        "iops_min" : 0,
        "iops_max" : 0,
        "iops_mean" : 0.000000,
        "iops_stddev" : 0.000000,
        "iops_samples" : 0
      },
      "sync" : {
        "total_ios" : 0,
        "lat_ns" : {
          "min" : 0,
          "max" : 0,
          "mean" : 0.000000,
          "stddev" : 0.000000,
          "N" : 0
        }
      },
      "job_runtime" : 182605,
      "usr_cpu" : 1.371266,
      "sys_cpu" : 4.356945,
      "ctx" : 2061836,
      "majf" : 0,
      "minf" : 60,
      "iodepth_level" : {
        "1" : 0.100000,
        "2" : 0.000000,
        "4" : 0.000000,
        "8" : 0.000000,
        "16" : 0.000000,
        "32" : 100.000000,
        ">=64" : 0.000000
      },
      "iodepth_submit" : {
        "0" : 0.000000,
        "4" : 100.000000,
        "8" : 0.000000,
        "16" : 0.000000,
        "32" : 0.000000,
        "64" : 0.000000,
        ">=64" : 0.000000
      },
      "iodepth_complete" : {
        "0" : 0.000000,
        "4" : 99.999635,
        "8" : 0.000000,
        "16" : 0.000000,
        "32" : 0.100000,
        "64" : 0.000000,
        ">=64" : 0.000000
      },
      "latency_ns" : {
        "2" : 0.000000,
        "4" : 0.000000,
        "10" : 0.000000,
        "20" : 0.000000,
        "50" : 0.000000,
        "100" : 0.000000,
        "250" : 0.000000,
        "500" : 0.000000,
        "750" : 0.000000,
        "1000" : 0.000000
      },
      "latency_us" : {
        "2" : 0.000000,
        "4" : 0.010000,
        "10" : 0.010000,
        "20" : 0.000000,
        "50" : 0.000000,
        "100" : 0.000000,
        "250" : 0.000000,
        "500" : 0.010000,
        "750" : 0.010000,
        "1000" : 0.010000
      },
      "latency_ms" : {
        "2" : 0.259574,
        "4" : 32.007394,
        "10" : 64.785929,
        "20" : 2.873852,
        "50" : 0.074986,
        "100" : 0.000000,
        "250" : 0.000000,
        "500" : 0.000000,
        "750" : 0.010000,
        "1000" : 0.000000,
        "2000" : 0.000000,
        ">=2000" : 0.000000
      },
      "latency_depth" : 32,
      "latency_target" : 0,
      "latency_percentile" : 100.000000,
      "latency_window" : 0
    }
  ]
}
