{
  "fio version" : "fio-3.36",
  "timestamp" : 1775375778,
  "timestamp_ms" : 1775375778928,
  "time" : "Sun Apr  5 13:26:18 2026",
  "global options" : {
    "directory" : "/home/kishore/benchmark_arena/arcfs_mount",
    "ioengine" : "io_uring",
    "direct" : "1",
    "group_reporting" : "1",
    "thread" : "1",
    "time_based" : "1",
    "runtime" : "45",
    "ramp_time" : "5",
    "randrepeat" : "1",
    "randseed" : "42",
    "fallocate" : "none"
  },
  "jobs" : [
    {
      "jobname" : "realistic_mix",
      "groupid" : 0,
      "job_start" : 1775375705923,
      "error" : 0,
      "eta" : 0,
      "elapsed" : 90,
      "job options" : {
        "rw" : "randrw",
        "rwmixread" : "50",
        "bssplit" : "4k/80:64k/20",
        "iodepth" : "64",
        "numjobs" : "8",
        "size" : "1G",
        "fsync" : "1",
        "filename" : "bench_realistic_mix.dat"
      },
      "read" : {
        "io_bytes" : 352256,
        "io_kbytes" : 344,
        "bw_bytes" : 4710,
        "bw" : 4,
        "iops" : 0.280812,
        "runtime" : 74783,
        "total_ios" : 21,
        "short_ios" : 0,
        "drop_ios" : 0,
        "slat_ns" : {
          "min" : 14542,
          "max" : 4968888266,
          "mean" : 862089464.692308,
          "stddev" : 1811199286.673507,
          "N" : 26
        },
        "clat_ns" : {
          "min" : 709,
          "max" : 31412497095,
          "mean" : 15045147395.384617,
          "stddev" : 10237272748.586409,
          "N" : 26,
          "percentile" : {
            "1.000000" : 708,
            "5.000000" : 1288,
            "10.000000" : 1288,
            "20.000000" : 436224,
            "30.000000" : 12683575296,
            "40.000000" : 13891534848,
            "50.000000" : 17112760320,
            "60.000000" : 17112760320,
            "70.000000" : 17112760320,
            "80.000000" : 17112760320,
            "90.000000" : 17112760320,
            "95.000000" : 17112760320,
            "99.000000" : 17112760320,
            "99.500000" : 17112760320,
            "99.900000" : 17112760320,
            "99.950000" : 17112760320,
            "99.990000" : 17112760320
          }
        },
        "lat_ns" : {
          "min" : 98588,
          "max" : 35311490036,
          "mean" : 15907236860.076923,
          "stddev" : 10397512305.627893,
          "N" : 26
        },
        "bw_min" : 498,
        "bw_max" : 499,
        "bw_agg" : 100.000000,
        "bw_mean" : 498.333333,
        "bw_dev" : 0.272166,
        "bw_samples" : 10,
        "iops_min" : 30,
        "iops_max" : 31,
        "iops_mean" : 30.333333,
        "iops_stddev" : 0.272166,
        "iops_samples" : 10
      },
      "write" : {
        "io_bytes" : 286720,
        "io_kbytes" : 280,
        "bw_bytes" : 3834,
        "bw" : 3,
        "iops" : 0.307557,
        "runtime" : 74783,
        "total_ios" : 23,
        "short_ios" : 0,
        "drop_ios" : 0,
        "slat_ns" : {
          "min" : 22167,
          "max" : 31611561638,
          "mean" : 15495728190.760000,
          "stddev" : 9914896953.316545,
          "N" : 25
        },
        "clat_ns" : {
          "min" : 875,
          "max" : 65162623539,
          "mean" : 9360129988.639999,
          "stddev" : 17566361422.382607,
          "N" : 25,
          "percentile" : {
            "1.000000" : 876,
            "5.000000" : 1080,
            "10.000000" : 1880,
            "20.000000" : 4448,
            "30.000000" : 24448,
            "40.000000" : 164864,
            "50.000000" : 232448,
            "60.000000" : 3260416,
            "70.000000" : 3909091328,
            "80.000000" : 17112760320,
            "90.000000" : 17112760320,
            "95.000000" : 17112760320,
            "99.000000" : 17112760320,
            "99.500000" : 17112760320,
            "99.900000" : 17112760320,
            "99.950000" : 17112760320,
            "99.990000" : 17112760320
          }
        },
        "lat_ns" : {
          "min" : 38960,
          "max" : 74781643582,
          "mean" : 24855858179.400002,
          "stddev" : 18058299994.830021,
          "N" : 25
        },
        "bw_min" : 175,
        "bw_max" : 315,
        "bw_agg" : 100.000000,
        "bw_mean" : 245.000000,
        "bw_dev" : 24.836130,
        "bw_samples" : 13,
        "iops_min" : 8,
        "iops_max" : 15,
        "iops_mean" : 11.500000,
        "iops_stddev" : 0.790569,
        "iops_samples" : 13
      },
      "trim" : {
        "io_bytes" : 0,
        "io_kbytes" : 0,
        "bw_bytes" : 0,
        "bw" : 0,
        "iops" : 0.000000,
        "runtime" : 0,
        "total_ios" : 0,
        "short_ios" : 0,
        "drop_ios" : 0,
        "slat_ns" : {
          "min" : 0,
          "max" : 0,
          "mean" : 0.000000,
          "stddev" : 0.000000,
          "N" : 0
        },
        "clat_ns" : {
          "min" : 0,
          "max" : 0,
          "mean" : 0.000000,
          "stddev" : 0.000000,
          "N" : 0
        },
        "lat_ns" : {
          "min" : 0,
          "max" : 0,
          "mean" : 0.000000,
          "stddev" : 0.000000,
          "N" : 0
        },
        "bw_min" : 0,
        "bw_max" : 0,
        "bw_agg" : 0.000000,
        "bw_mean" : 0.000000,
        "bw_dev" : 0.000000,
        "bw_samples" : 0,
        "iops_min" : 0,
        "iops_max" : 0,
        "iops_mean" : 0.000000,
        "iops_stddev" : 0.000000,
        "iops_samples" : 0
      },
      "sync" : {
        "total_ios" : 455,
        "lat_ns" : {
          "min" : 4341083110,
          "max" : 81857879186,
          "mean" : 50557652948.864876,
          "stddev" : 14972516398.747234,
          "N" : 518,
          "percentile" : {
            "1.000000" : 16710107136,
            "5.000000" : 17112760320,
            "10.000000" : 17112760320,
            "20.000000" : 17112760320,
            "30.000000" : 17112760320,
            "40.000000" : 17112760320,
            "50.000000" : 17112760320,
            "60.000000" : 17112760320,
            "70.000000" : 17112760320,
            "80.000000" : 17112760320,
            "90.000000" : 17112760320,
            "95.000000" : 17112760320,
            "99.000000" : 17112760320,
            "99.500000" : 17112760320,
            "99.900000" : 17112760320,
            "99.950000" : 17112760320,
            "99.990000" : 17112760320
          }
        }
      },
      "job_runtime" : 524167,
      "usr_cpu" : 0.000000,
      "sys_cpu" : 0.000191,
      "ctx" : 300,
      "majf" : 0,
      "minf" : 8,
      "iodepth_level" : {
        "1" : 0.000000,
        "2" : 31.818182,
        "4" : 63.636364,
        "8" : 127.272727,
        "16" : 254.545455,
        "32" : 509.090909,
        ">=64" : 147.727273
      },
      "iodepth_submit" : {
        "0" : 0.000000,
        "4" : 100.000000,
        "8" : 0.000000,
        "16" : 0.000000,
        "32" : 0.000000,
        "64" : 0.000000,
        ">=64" : 0.000000
      },
      "iodepth_complete" : {
        "0" : 0.000000,
        "4" : 89.041096,
        "8" : 0.000000,
        "16" : 0.000000,
        "32" : 0.000000,
        "64" : 10.958904,
        ">=64" : 0.000000
      },
      "latency_ns" : {
        "2" : 0.000000,
        "4" : 0.000000,
        "10" : 0.000000,
        "20" : 0.000000,
        "50" : 0.000000,
        "100" : 0.000000,
        "250" : 0.000000,
        "500" : 0.000000,
        "750" : 2.272727,
        "1000" : 2.272727
      },
      "latency_us" : {
        "2" : 9.090909,
        "4" : 2.272727,
        "10" : 4.545455,
        "20" : 2.272727,
        "50" : 2.272727,
        "100" : 0.000000,
        "250" : 13.636364,
        "500" : 6.818182,
        "750" : 0.000000,
        "1000" : 0.000000
      },
      "latency_ms" : {
        "2" : 0.000000,
        "4" : 2.272727,
        "10" : 0.000000,
        "20" : 0.000000,
        "50" : 0.000000,
        "100" : 0.000000,
        "250" : 0.000000,
        "500" : 0.000000,