{
  "fio version" : "fio-3.36",
  "timestamp" : 1775303208,
  "timestamp_ms" : 1775303208323,
  "time" : "Sat Apr  4 17:16:48 2026",
  "global options" : {
    "directory" : "/home/kishore/benchmark_arena/ext4_mount",
    "ioengine" : "io_uring",
    "direct" : "1",
    "group_reporting" : "1",
    "thread" : "1",
    "time_based" : "1",
    "runtime" : "45",
    "ramp_time" : "5",
    "randrepeat" : "1",
    "randseed" : "42",
    "fallocate" : "none"
  },
  "jobs" : [
    {
      "jobname" : "realistic_mix",
      "groupid" : 0,
      "job_start" : 1775303162662,
      "error" : 0,
      "eta" : 0,
      "elapsed" : 51,
      "job options" : {
        "rw" : "randrw",
        "rwmixread" : "70",
        "bssplit" : "4k/50:64k/30:1m/20",
        "iodepth" : "32",
        "numjobs" : "4",
        "size" : "1G",
        "end_fsync" : "1",
        "filename" : "bench_realistic_mix.dat"
      },
      "read" : {
        "io_bytes" : 178082443264,
        "io_kbytes" : 173908636,
        "bw_bytes" : 3901894024,
        "bw" : 3810443,
        "iops" : 66962.248028,
        "runtime" : 45640,
        "total_ios" : 3056157,
        "short_ios" : 0,
        "drop_ios" : 0,
        "slat_ns" : {
          "min" : 250,
          "max" : 98586316,
          "mean" : 52806.974887,
          "stddev" : 175122.633258,
          "N" : 3056160
        },
        "clat_ns" : {
          "min" : 0,
          "max" : 111722280,
          "mean" : 1077689.400879,
          "stddev" : 1198118.007392,
          "N" : 3056244,
          "percentile" : {
            "1.000000" : 125,
            "5.000000" : 6624,
            "10.000000" : 16320,
            "20.000000" : 39168,
            "30.000000" : 252928,
            "40.000000" : 505856,
            "50.000000" : 839680,
            "60.000000" : 1171456,
            "70.000000" : 1515520,
            "80.000000" : 1925120,
            "90.000000" : 2539520,
            "95.000000" : 3063808,
            "99.000000" : 4227072,
            "99.500000" : 4751360,
            "99.900000" : 6127616,
            "99.950000" : 7045120,
            "99.990000" : 15007744
          }
        },
        "lat_ns" : {
          "min" : 1750,
          "max" : 111809075,
          "mean" : 1130496.549224,
          "stddev" : 1233058.963813,
          "N" : 3056244
        },
        "bw_min" : 1962640,
        "bw_max" : 5033819,
        "bw_agg" : 100.000000,
        "bw_mean" : 3870981.460674,
        "bw_dev" : 190670.441344,
        "bw_samples" : 356,
        "iops_min" : 36646,
        "iops_max" : 76712,
        "iops_mean" : 67899.213483,
        "iops_stddev" : 1488.975530,
        "iops_samples" : 356
      },
      "write" : {
        "io_bytes" : 76225802240,
        "io_kbytes" : 74439260,
        "bw_bytes" : 1670153423,
        "bw" : 1631009,
        "iops" : 28708.698510,
        "runtime" : 45640,
        "total_ios" : 1310265,
        "short_ios" : 0,
        "drop_ios" : 0,
        "slat_ns" : {
          "min" : 250,
          "max" : 1851118,
          "mean" : 2685.659050,
          "stddev" : 10574.586123,
          "N" : 1310266
        },
        "clat_ns" : {
          "min" : 83,
          "max" : 111293761,
          "mean" : 1755180.433544,
          "stddev" : 1356530.978396,
          "N" : 1310302,
          "percentile" : {
            "1.000000" : 232448,
            "5.000000" : 333824,
            "10.000000" : 419840,
            "20.000000" : 708608,
            "30.000000" : 1011712,
            "40.000000" : 1302528,
            "50.000000" : 1581056,
            "60.000000" : 1875968,
            "70.000000" : 2211840,
            "80.000000" : 2605056,
            "90.000000" : 3260416,
            "95.000000" : 3850240,
            "99.000000" : 5144576,
            "99.500000" : 5734400,
            "99.900000" : 7634944,
            "99.950000" : 8978432,
            "99.990000" : 32112640
          }
        },
        "lat_ns" : {
          "min" : 7917,
          "max" : 111294886,
          "mean" : 1757866.070039,
          "stddev" : 1356661.335757,
          "N" : 1310302
        },
        "bw_min" : 835272,
        "bw_max" : 2200933,
        "bw_agg" : 100.000000,
        "bw_mean" : 1656878.651685,
        "bw_dev" : 81764.593357,
        "bw_samples" : 356,
        "iops_min" : 15502,
        "iops_max" : 33626,
        "iops_mean" : 29112.617978,
        "iops_stddev" : 648.242518,
        "iops_samples" : 356
      },
      "trim" : {
        "io_bytes" : 0,
        "io_kbytes" : 0,
        "bw_bytes" : 0,
        "bw" : 0,
        "iops" : 0.000000,
        "runtime" : 0,
        "total_ios" : 0,
        "short_ios" : 0,
        "drop_ios" : 0,
        "slat_ns" : {
          "min" : 0,
          "max" : 0,
          "mean" : 0.000000,
          "stddev" : 0.000000,
          "N" : 0
        },
        "clat_ns" : {
          "min" : 0,
          "max" : 0,
          "mean" : 0.000000,
          "stddev" : 0.000000,
          "N" : 0
        },
        "lat_ns" : {
          "min" : 0,
          "max" : 0,
          "mean" : 0.000000,
          "stddev" : 0.000000,
          "N" : 0
        },
        "bw_min" : 0,
        "bw_max" : 0,
        "bw_agg" : 0.000000,
        "bw_mean" : 0.000000,
        "bw_dev" : 0.000000,
        "bw_samples" : 0,
        "iops_min" : 0,
        "iops_max" : 0,
        "iops_mean" : 0.000000,
        "iops_stddev" : 0.000000,
        "iops_samples" : 0
      },
      "sync" : {
        "total_ios" : 0,
        "lat_ns" : {
          "min" : 0,
          "max" : 0,
          "mean" : 0.000000,
          "stddev" : 0.000000,
          "N" : 0
        }
      },
      "job_runtime" : 182554,
      "usr_cpu" : 2.611830,
      "sys_cpu" : 5.556164,
      "ctx" : 1269158,
      "majf" : 0,
      "minf" : 61,
      "iodepth_level" : {
        "1" : 0.100000,
        "2" : 0.000000,
        "4" : 0.000000,
        "8" : 0.000000,
        "16" : 0.000000,
        "32" : 100.000000,
        ">=64" : 0.000000
      },
      "iodepth_submit" : {
        "0" : 0.000000,
        "4" : 100.000000,
        "8" : 0.000000,
        "16" : 0.000000,
        "32" : 0.000000,
        "64" : 0.000000,
        ">=64" : 0.000000
      },
      "iodepth_complete" : {
        "0" : 0.000000,
        "4" : 99.999908,
        "8" : 0.000000,
        "16" : 0.000000,
        "32" : 0.100000,
        "64" : 0.000000,
        ">=64" : 0.000000
      },
      "latency_ns" : {
        "2" : 0.010000,
        "4" : 0.000000,
        "10" : 0.000000,
        "20" : 0.000000,
        "50" : 0.099051,
        "100" : 0.518731,
        "250" : 0.266488,
        "500" : 0.210195,
        "750" : 0.132717,
        "1000" : 0.161230
      },
      "latency_us" : {
        "2" : 0.280344,
        "4" : 0.832993,
        "10" : 2.250309,
        "20" : 3.502410,
        "50" : 8.019129,
        "100" : 2.085392,
        "250" : 2.968151,
        "500" : 10.472968,
        "750" : 7.732693,
        "1000" : 7.744693
      },
      "latency_ms" : {
        "2" : 29.024405,
        "4" : 21.487868,
        "10" : 2.189802,
        "20" : 0.011886,
        "50" : 0.010000,
        "100" : 0.010000,
        "250" : 0.010000,
        "500" : 0.000000,
        "750" : 0.000000,
        "1000" : 0.000000,
        "2000" : 0.000000,
        ">=2000" : 0.000000
      },
      "latency_depth" : 32,
      "latency_target" : 0,
      "latency_percentile" : 100.000000,
      "latency_window" : 0
    }
  ]
}
