{
  "fio version" : "fio-3.36",
  "timestamp" : 1775374957,
  "timestamp_ms" : 1775374957023,
  "time" : "Sun Apr  5 13:12:37 2026",
  "global options" : {
    "directory" : "/home/kishore/benchmark_arena/btrfs_mount",
    "ioengine" : "io_uring",
    "direct" : "1",
    "group_reporting" : "1",
    "thread" : "1",
    "time_based" : "1",
    "runtime" : "45",
    "ramp_time" : "5",
    "randrepeat" : "1",
    "randseed" : "42",
    "fallocate" : "none"
  },
  "jobs" : [
    {
      "jobname" : "realistic_mix",
      "groupid" : 0,
      "job_start" : 1775374911999,
      "error" : 0,
      "eta" : 0,
      "elapsed" : 51,
      "job options" : {
        "rw" : "randrw",
        "rwmixread" : "50",
        "bssplit" : "4k/80:64k/20",
        "iodepth" : "64",
        "numjobs" : "8",
        "size" : "1G",
        "fsync" : "1",
        "filename" : "bench_realistic_mix.dat"
      },
      "read" : {
        "io_bytes" : 4514709504,
        "io_kbytes" : 4408896,
        "bw_bytes" : 100293446,
        "bw" : 97942,
        "iops" : 12465.933578,
        "runtime" : 45015,
        "total_ios" : 561154,
        "short_ios" : 0,
        "drop_ios" : 0,
        "slat_ns" : {
          "min" : 291,
          "max" : 178522374,
          "mean" : 205420.773724,
          "stddev" : 866999.812751,
          "N" : 561156
        },
        "clat_ns" : {
          "min" : 41,
          "max" : 208571125,
          "mean" : 1066474.936549,
          "stddev" : 3426555.829353,
          "N" : 561174,
          "percentile" : {
            "1.000000" : 125,
            "5.000000" : 374,
            "10.000000" : 5024,
            "20.000000" : 12736,
            "30.000000" : 21120,
            "40.000000" : 31872,
            "50.000000" : 54528,
            "60.000000" : 156672,
            "70.000000" : 387072,
            "80.000000" : 1019904,
            "90.000000" : 3457024,
            "95.000000" : 6848512,
            "99.000000" : 10944512,
            "99.500000" : 12648448,
            "99.900000" : 19005440,
            "99.950000" : 26607616,
            "99.990000" : 187695104
          }
        },
        "lat_ns" : {
          "min" : 2291,
          "max" : 209295375,
          "mean" : 1271896.852834,
          "stddev" : 3551660.072720,
          "N" : 561174
        },
        "bw_min" : 47768,
        "bw_max" : 198943,
        "bw_agg" : 99.631603,
        "bw_mean" : 97582.820225,
        "bw_dev" : 3824.589009,
        "bw_samples" : 712,
        "iops_min" : 6878,
        "iops_max" : 15000,
        "iops_mean" : 12479.224719,
        "iops_stddev" : 174.161954,
        "iops_samples" : 712
      },
      "write" : {
        "io_bytes" : 4478418944,
        "io_kbytes" : 4373456,
        "bw_bytes" : 99487258,
        "bw" : 97155,
        "iops" : 12395.023881,
        "runtime" : 45015,
        "total_ios" : 557962,
        "short_ios" : 0,
        "drop_ios" : 0,
        "slat_ns" : {
          "min" : 291,
          "max" : 18169083,
          "mean" : 2192.431610,
          "stddev" : 29387.640706,
          "N" : 557962
        },
        "clat_ns" : {
          "min" : 41,
          "max" : 209539166,
          "mean" : 4644304.510297,
          "stddev" : 6079460.643978,
          "N" : 558030,
          "percentile" : {
            "1.000000" : 15040,
            "5.000000" : 123392,
            "10.000000" : 288768,
            "20.000000" : 913408,
            "30.000000" : 1859584,
            "40.000000" : 2801664,
            "50.000000" : 3883008,
            "60.000000" : 5013504,
            "70.000000" : 6258688,
            "80.000000" : 7569408,
            "90.000000" : 9240576,
            "95.000000" : 10813440,
            "99.000000" : 15138816,
            "99.500000" : 18481152,
            "99.900000" : 60555264,
            "99.950000" : 143654912,
            "99.990000" : 206569472
          }
        },
        "lat_ns" : {
          "min" : 6791,
          "max" : 209544332,
          "mean" : 4646496.802122,
          "stddev" : 6078789.621163,
          "N" : 558030
        },
        "bw_min" : 48872,
        "bw_max" : 188604,
        "bw_agg" : 99.668032,
        "bw_mean" : 96833.370787,
        "bw_dev" : 3702.280354,
        "bw_samples" : 712,
        "iops_min" : 6680,
        "iops_max" : 14816,
        "iops_mean" : 12407.325843,
        "iops_stddev" : 171.646267,
        "iops_samples" : 712
      },
      "trim" : {
        "io_bytes" : 0,
        "io_kbytes" : 0,
        "bw_bytes" : 0,
        "bw" : 0,
        "iops" : 0.000000,
        "runtime" : 0,
        "total_ios" : 0,
        "short_ios" : 0,
        "drop_ios" : 0,
        "slat_ns" : {
          "min" : 0,
          "max" : 0,
          "mean" : 0.000000,
          "stddev" : 0.000000,
          "N" : 0
        },
        "clat_ns" : {
          "min" : 0,
          "max" : 0,
          "mean" : 0.000000,
          "stddev" : 0.000000,
          "N" : 0
        },
        "lat_ns" : {
          "min" : 0,
          "max" : 0,
          "mean" : 0.000000,
          "stddev" : 0.000000,
          "N" : 0
        },
        "bw_min" : 0,
        "bw_max" : 0,
        "bw_agg" : 0.000000,
        "bw_mean" : 0.000000,
        "bw_dev" : 0.000000,
        "bw_samples" : 0,
        "iops_min" : 0,
        "iops_max" : 0,
        "iops_mean" : 0.000000,
        "iops_stddev" : 0.000000,
        "iops_samples" : 0
      },
      "sync" : {
        "total_ios" : 1119087,
        "lat_ns" : {
          "min" : 2816000,
          "max" : 227293250,
          "mean" : 17634677.138546,
          "stddev" : 10519270.039523,
          "N" : 1119503,
          "percentile" : {
            "1.000000" : 8454144,
            "5.000000" : 10420224,
            "10.000000" : 11599872,
            "20.000000" : 13041664,
            "30.000000" : 14221312,
            "40.000000" : 15400960,
            "50.000000" : 16449536,
            "60.000000" : 17694720,
            "70.000000" : 19005440,
            "80.000000" : 20578304,
            "90.000000" : 23199744,
            "95.000000" : 25296896,
            "99.000000" : 38010880,
            "99.500000" : 62652416,
            "99.900000" : 202375168,
            "99.950000" : 214958080,
            "99.990000" : 223346688
          }
        }
      },
      "job_runtime" : 360065,
      "usr_cpu" : 0.461861,
      "sys_cpu" : 1.245608,
      "ctx" : 481286,
      "majf" : 0,
      "minf" : 0,
      "iodepth_level" : {
        "1" : 0.000000,
        "2" : 0.000000,
        "4" : 0.000000,
        "8" : 0.000000,
        "16" : 0.000000,
        "32" : 0.000000,
        ">=64" : 199.997409
      },
      "iodepth_submit" : {
        "0" : 0.000000,
        "4" : 100.000000,
        "8" : 0.000000,
        "16" : 0.000000,
        "32" : 0.000000,
        "64" : 0.000000,
        ">=64" : 0.000000
      },
      "iodepth_complete" : {
        "0" : 0.000000,
        "4" : 99.999643,
        "8" : 0.000000,
        "16" : 0.000000,
        "32" : 0.000000,
        "64" : 0.100000,
        ">=64" : 0.000000
      },
      "latency_ns" : {
        "2" : 0.000000,
        "4" : 0.000000,
        "10" : 0.000000,
        "20" : 0.000000,
        "50" : 0.010000,
        "100" : 0.203196,
        "250" : 1.180485,
        "500" : 1.737443,
        "750" : 0.234203,
        "1000" : 0.084442
      },
      "latency_us" : {
        "2" : 0.335354,
        "4" : 0.871759,
        "10" : 3.835706,
        "20" : 6.638811,
        "50" : 10.731149,
        "100" : 4.194382,
        "250" : 6.988730,
        "500" : 6.705739,
        "750" : 3.899774,
        "1000" : 2.832593
      },
      "latency_ms" : {
        "2" : 8.617605,
        "4" : 11.871334,
        "10" : 24.683053,
        "20" : 4.116553,
        "50" : 0.146008,
        "100" : 0.050754,
        "250" : 0.042802,
        "500" : 0.000000,
        "750" : 0.000000,
        "1000" : 0.000000,
        "2000" : 0.000000,