{
  "fio version" : "fio-3.36",
  "timestamp" : 1775306663,
  "timestamp_ms" : 1775306663647,
  "time" : "Sat Apr  4 18:14:23 2026",
  "global options" : {
    "directory" : "/home/kishore/benchmark_arena/btrfs_mount",
    "ioengine" : "io_uring",
    "direct" : "1",
    "group_reporting" : "1",
    "thread" : "1",
    "randrepeat" : "1",
    "randseed" : "42",
    "fallocate" : "none",
    "verify" : "crc32c",
    "do_verify" : "1",
    "verify_fatal" : "1"
  },
  "jobs" : [
    {
      "jobname" : "fsync4k_verify",
      "groupid" : 0,
      "job_start" : 1775306661698,
      "error" : 0,
      "eta" : 0,
      "elapsed" : 3,
      "job options" : {
        "rw" : "randwrite",
        "bs" : "4k",
        "iodepth" : "1",
        "numjobs" : "1",
        "size" : "32M",
        "fsync" : "16",
        "filename" : "integrity_fsync4k.dat"
      },
      "read" : {
        "io_bytes" : 33554432,
        "io_kbytes" : 32768,
        "bw_bytes" : 1157049379,
        "bw" : 1129931,
        "iops" : 282482.758621,
        "runtime" : 29,
        "total_ios" : 8192,
        "short_ios" : 0,
        "drop_ios" : 0,
        "slat_ns" : {
          "min" : 1958,
          "max" : 60714,
          "mean" : 2918.592773,
          "stddev" : 1390.140421,
          "N" : 8192
        },
        "clat_ns" : {
          "min" : 41,
          "max" : 14543,
          "mean" : 83.380737,
          "stddev" : 164.689768,
          "N" : 8192,
          "percentile" : {
            "1.000000" : 41,
            "5.000000" : 42,
            "10.000000" : 42,
            "20.000000" : 83,
            "30.000000" : 83,
            "40.000000" : 83,
            "50.000000" : 83,
            "60.000000" : 83,
            "70.000000" : 84,
            "80.000000" : 84,
            "90.000000" : 84,
            "95.000000" : 125,
            "99.000000" : 125,
            "99.500000" : 125,
            "99.900000" : 251,
            "99.950000" : 540,
            "99.990000" : 14528
          }
        },
        "lat_ns" : {
          "min" : 2041,
          "max" : 61672,
          "mean" : 3001.973511,
          "stddev" : 1419.353599,
          "N" : 8192
        },
        "bw_min" : 0,
        "bw_max" : 0,
        "bw_agg" : 0.000000,
        "bw_mean" : 0.000000,
        "bw_dev" : 0.000000,
        "bw_samples" : 0,
        "iops_min" : 0,
        "iops_max" : 0,
        "iops_mean" : 0.000000,
        "iops_stddev" : 0.000000,
        "iops_samples" : 0
      },
      "write" : {
        "io_bytes" : 33554432,
        "io_kbytes" : 32768,
        "bw_bytes" : 17650937,
        "bw" : 17237,
        "iops" : 4309.310889,
        "runtime" : 1901,
        "total_ios" : 8192,
        "short_ios" : 0,
        "drop_ios" : 0,
        "slat_ns" : {
          "min" : 1625,
          "max" : 300484,
          "mean" : 5051.290771,
          "stddev" : 4579.714162,
          "N" : 8192
        },
        "clat_ns" : {
          "min" : 250,
          "max" : 301483,
          "mean" : 30263.926636,
          "stddev" : 25530.597351,
          "N" : 8192,
          "percentile" : {
            "1.000000" : 8640,
            "5.000000" : 10560,
            "10.000000" : 11456,
            "20.000000" : 13376,
            "30.000000" : 14912,
            "40.000000" : 16768,
            "50.000000" : 19584,
            "60.000000" : 26496,
            "70.000000" : 38144,
            "80.000000" : 42752,
            "90.000000" : 51456,
            "95.000000" : 90624,
            "99.000000" : 126464,
            "99.500000" : 136192,
            "99.900000" : 171008,
            "99.950000" : 228352,
            "99.990000" : 301056
          }
        },
        "lat_ns" : {
          "min" : 9376,
          "max" : 351238,
          "mean" : 35315.217407,
          "stddev" : 27047.215810,
          "N" : 8192
        },
        "bw_min" : 16491,
        "bw_max" : 18376,
        "bw_agg" : 100.000000,
        "bw_mean" : 17566.333333,
        "bw_dev" : 970.175414,
        "bw_samples" : 3,
        "iops_min" : 4122,
        "iops_max" : 4594,
        "iops_mean" : 4391.333333,
        "iops_stddev" : 242.959530,
        "iops_samples" : 3
      },
      "trim" : {
        "io_bytes" : 0,
        "io_kbytes" : 0,
        "bw_bytes" : 0,
        "bw" : 0,
        "iops" : 0.000000,
        "runtime" : 0,
        "total_ios" : 0,
        "short_ios" : 0,
        "drop_ios" : 0,
        "slat_ns" : {
          "min" : 0,
          "max" : 0,
          "mean" : 0.000000,
          "stddev" : 0.000000,
          "N" : 0
        },
        "clat_ns" : {
          "min" : 0,
          "max" : 0,
          "mean" : 0.000000,
          "stddev" : 0.000000,
          "N" : 0
        },
        "lat_ns" : {
          "min" : 0,
          "max" : 0,
          "mean" : 0.000000,
          "stddev" : 0.000000,
          "N" : 0
        },
        "bw_min" : 0,
        "bw_max" : 0,
        "bw_agg" : 0.000000,
        "bw_mean" : 0.000000,
        "bw_dev" : 0.000000,
        "bw_samples" : 0,
        "iops_min" : 0,
        "iops_max" : 0,
        "iops_mean" : 0.000000,
        "iops_stddev" : 0.000000,
        "iops_samples" : 0
      },
      "sync" : {
        "total_ios" : 511,
        "lat_ns" : {
          "min" : 1309817,
          "max" : 6366114,
          "mean" : 3135144.812133,
          "stddev" : 517410.144143,
          "N" : 511,
          "percentile" : {
            "1.000000" : 2113536,
            "5.000000" : 2342912,
            "10.000000" : 2473984,
            "20.000000" : 2703360,
            "30.000000" : 2834432,
            "40.000000" : 2998272,
            "50.000000" : 3162112,
            "60.000000" : 3293184,
            "70.000000" : 3391488,
            "80.000000" : 3555328,
            "90.000000" : 3751936,
            "95.000000" : 3915776,
            "99.000000" : 4358144,
            "99.500000" : 4554752,
            "99.900000" : 6389760,
            "99.950000" : 6389760,
            "99.990000" : 6389760
          }
        }
      },
      "job_runtime" : 1928,
      "usr_cpu" : 1.400415,
      "sys_cpu" : 3.423237,
      "ctx" : 8708,
      "majf" : 0,
      "minf" : 322,
      "iodepth_level" : {
        "1" : 103.118896,
        "2" : 0.000000,
        "4" : 0.000000,
        "8" : 0.000000,
        "16" : 0.000000,
        "32" : 0.000000,
        ">=64" : 0.000000
      },
      "iodepth_submit" : {
        "0" : 0.000000,
        "4" : 100.000000,
        "8" : 0.000000,
        "16" : 0.000000,
        "32" : 0.000000,
        "64" : 0.000000,
        ">=64" : 0.000000
      },
      "iodepth_complete" : {
        "0" : 0.000000,
        "4" : 100.000000,
        "8" : 0.000000,
        "16" : 0.000000,
        "32" : 0.000000,
        "64" : 0.000000,
        ">=64" : 0.000000
      },
      "latency_ns" : {
        "2" : 0.000000,
        "4" : 0.000000,
        "10" : 0.000000,
        "20" : 0.000000,
        "50" : 5.883789,
        "100" : 41.217041,
        "250" : 2.838135,
        "500" : 0.085449,
        "750" : 0.061035,
        "1000" : 0.024414
      },
      "latency_us" : {
        "2" : 0.000000,
        "4" : 0.010000,
        "10" : 1.373291,
        "20" : 23.962402,
        "50" : 19.049072,
        "100" : 3.338623,
        "250" : 2.142334,
        "500" : 0.018311,
        "750" : 0.000000,
        "1000" : 0.000000
      },
      "latency_ms" : {
        "2" : 0.000000,
        "4" : 0.000000,
        "10" : 0.000000,
        "20" : 0.000000,
        "50" : 0.000000,
        "100" : 0.000000,
        "250" : 0.000000,
        "500" : 0.000000,
        "750" : 0.000000,
        "1000" : 0.000000,
        "2000" : 0.000000,
        ">=2000" : 0.000000
      },
      "latency_depth" : 1,
      "latency_target" : 0,
      "latency_percentile" : 100.000000,
      "latency_window" : 0
    }
  ]
}
