{
  "fio version" : "fio-3.36",
  "timestamp" : 1775305198,
  "timestamp_ms" : 1775305198878,
  "time" : "Sat Apr  4 17:49:58 2026",
  "global options" : {
    "directory" : "/home/kishore/benchmark_arena/btrfs_mount",
    "ioengine" : "io_uring",
    "direct" : "1",
    "group_reporting" : "1",
    "thread" : "1",
    "randrepeat" : "1",
    "randseed" : "42",
    "fallocate" : "none",
    "verify" : "crc32c",
    "do_verify" : "1",
    "verify_fatal" : "1"
  },
  "jobs" : [
    {
      "jobname" : "rand64k_verify",
      "groupid" : 0,
      "job_start" : 1775305197089,
      "error" : 0,
      "eta" : 2147483647,
      "elapsed" : 2,
      "job options" : {
        "rw" : "randwrite",
        "bs" : "64k",
        "iodepth" : "16",
        "numjobs" : "1",
        "size" : "1G",
        "end_fsync" : "1",
        "filename" : "integrity_rand64k.dat"
      },
      "read" : {
        "io_bytes" : 1073741824,
        "io_kbytes" : 1048576,
        "bw_bytes" : 5162220307,
        "bw" : 5041230,
        "iops" : 78769.230769,
        "runtime" : 208,
        "total_ios" : 16384,
        "short_ios" : 0,
        "drop_ios" : 0,
        "slat_ns" : {
          "min" : 291,
          "max" : 47836,
          "mean" : 734.801453,
          "stddev" : 721.433145,
          "N" : 16384
        },
        "clat_ns" : {
          "min" : 60503,
          "max" : 1666069,
          "mean" : 197738.811707,
          "stddev" : 75658.791319,
          "N" : 16384,
          "percentile" : {
            "1.000000" : 148480,
            "5.000000" : 158720,
            "10.000000" : 164864,
            "20.000000" : 168960,
            "30.000000" : 171008,
            "40.000000" : 173056,
            "50.000000" : 177152,
            "60.000000" : 179200,
            "70.000000" : 183296,
            "80.000000" : 201728,
            "90.000000" : 264192,
            "95.000000" : 325632,
            "99.000000" : 444416,
            "99.500000" : 505856,
            "99.900000" : 1003520,
            "99.950000" : 1646592,
            "99.990000" : 1662976
          }
        },
        "lat_ns" : {
          "min" : 60961,
          "max" : 1666486,
          "mean" : 198473.613159,
          "stddev" : 75731.335735,
          "N" : 16384
        },
        "bw_min" : 0,
        "bw_max" : 0,
        "bw_agg" : 0.000000,
        "bw_mean" : 0.000000,
        "bw_dev" : 0.000000,
        "bw_samples" : 0,
        "iops_min" : 0,
        "iops_max" : 0,
        "iops_mean" : 0.000000,
        "iops_stddev" : 0.000000,
        "iops_samples" : 0
      },
      "write" : {
        "io_bytes" : 1073741824,
        "io_kbytes" : 1048576,
        "bw_bytes" : 699050666,
        "bw" : 682666,
        "iops" : 10666.666667,
        "runtime" : 1536,
        "total_ios" : 16384,
        "short_ios" : 0,
        "drop_ios" : 0,
        "slat_ns" : {
          "min" : 10417,
          "max" : 2124130,
          "mean" : 16735.783264,
          "stddev" : 26628.045911,
          "N" : 16384
        },
        "clat_ns" : {
          "min" : 25585,
          "max" : 21331972,
          "mean" : 802806.750916,
          "stddev" : 1383297.384228,
          "N" : 16384,
          "percentile" : {
            "1.000000" : 173056,
            "5.000000" : 207872,
            "10.000000" : 222208,
            "20.000000" : 238592,
            "30.000000" : 252928,
            "40.000000" : 272384,
            "50.000000" : 321536,
            "60.000000" : 552960,
            "70.000000" : 651264,
            "80.000000" : 888832,
            "90.000000" : 1777664,
            "95.000000" : 2703360,
            "99.000000" : 7176192,
            "99.500000" : 8454144,
            "99.900000" : 16580608,
            "99.950000" : 18481152,
            "99.990000" : 21364736
          }
        },
        "lat_ns" : {
          "min" : 44919,
          "max" : 21346222,
          "mean" : 819542.534180,
          "stddev" : 1383967.707128,
          "N" : 16384
        },
        "bw_min" : 444144,
        "bw_max" : 1060717,
        "bw_agg" : 100.000000,
        "bw_mean" : 752430.500000,
        "bw_dev" : 435982.949397,
        "bw_samples" : 2,
        "iops_min" : 6939,
        "iops_max" : 16573,
        "iops_mean" : 11756.000000,
        "iops_stddev" : 6812.266730,
        "iops_samples" : 2
      },
      "trim" : {
        "io_bytes" : 0,
        "io_kbytes" : 0,
        "bw_bytes" : 0,
        "bw" : 0,
        "iops" : 0.000000,
        "runtime" : 0,
        "total_ios" : 0,
        "short_ios" : 0,
        "drop_ios" : 0,
        "slat_ns" : {
          "min" : 0,
          "max" : 0,
          "mean" : 0.000000,
          "stddev" : 0.000000,
          "N" : 0
        },
        "clat_ns" : {
          "min" : 0,
          "max" : 0,
          "mean" : 0.000000,
          "stddev" : 0.000000,
          "N" : 0
        },
        "lat_ns" : {
          "min" : 0,
          "max" : 0,
          "mean" : 0.000000,
          "stddev" : 0.000000,
          "N" : 0
        },
        "bw_min" : 0,
        "bw_max" : 0,
        "bw_agg" : 0.000000,
        "bw_mean" : 0.000000,
        "bw_dev" : 0.000000,
        "bw_samples" : 0,
        "iops_min" : 0,
        "iops_max" : 0,
        "iops_mean" : 0.000000,
        "iops_stddev" : 0.000000,
        "iops_samples" : 0
      },
      "sync" : {
        "total_ios" : 0,
        "lat_ns" : {
          "min" : 0,
          "max" : 0,
          "mean" : 0.000000,
          "stddev" : 0.000000,
          "N" : 0
        }
      },
      "job_runtime" : 1742,
      "usr_cpu" : 18.427095,
      "sys_cpu" : 2.755454,
      "ctx" : 20975,
      "majf" : 0,
      "minf" : 429,
      "iodepth_level" : {
        "1" : 0.100000,
        "2" : 0.100000,
        "4" : 0.100000,
        "8" : 0.100000,
        "16" : 99.908447,
        "32" : 0.000000,
        ">=64" : 0.000000
      },
      "iodepth_submit" : {
        "0" : 0.000000,
        "4" : 100.000000,
        "8" : 0.000000,
        "16" : 0.000000,
        "32" : 0.000000,
        "64" : 0.000000,
        ">=64" : 0.000000
      },
      "iodepth_complete" : {
        "0" : 0.000000,
        "4" : 99.993891,
        "8" : 0.000000,
        "16" : 0.100000,
        "32" : 0.000000,
        "64" : 0.000000,
        ">=64" : 0.000000
      },
      "latency_ns" : {
        "2" : 0.000000,
        "4" : 0.000000,
        "10" : 0.000000,
        "20" : 0.000000,
        "50" : 0.000000,
        "100" : 0.000000,
        "250" : 0.000000,
        "500" : 0.000000,
        "750" : 0.000000,
        "1000" : 0.000000
      },
      "latency_us" : {
        "2" : 0.000000,
        "4" : 0.000000,
        "10" : 0.000000,
        "20" : 0.000000,
        "50" : 0.010000,
        "100" : 0.048828,
        "250" : 58.230591,
        "500" : 20.257568,
        "750" : 9.307861,
        "1000" : 3.753662
      },
      "latency_ms" : {
        "2" : 4.309082,
        "4" : 2.603149,
        "10" : 1.309204,
        "20" : 0.161743,
        "50" : 0.012207,
        "100" : 0.000000,
        "250" : 0.000000,
        "500" : 0.000000,
        "750" : 0.000000,
        "1000" : 0.000000,
        "2000" : 0.000000,
        ">=2000" : 0.000000
      },
      "latency_depth" : 16,
      "latency_target" : 0,
      "latency_percentile" : 100.000000,
      "latency_window" : 0
    }
  ]
}
