{
  "fio version" : "fio-3.36",
  "timestamp" : 1775305145,
  "timestamp_ms" : 1775305145838,
  "time" : "Sat Apr  4 17:49:05 2026",
  "global options" : {
    "directory" : "/home/kishore/benchmark_arena/btrfs_mount",
    "ioengine" : "io_uring",
    "direct" : "1",
    "group_reporting" : "1",
    "thread" : "1",
    "randrepeat" : "1",
    "randseed" : "42",
    "fallocate" : "none",
    "verify" : "crc32c",
    "do_verify" : "1",
    "verify_fatal" : "1"
  },
  "jobs" : [
    {
      "jobname" : "rand4k_verify",
      "groupid" : 0,
      "job_start" : 1775305138388,
      "error" : 0,
      "eta" : 0,
      "elapsed" : 8,
      "job options" : {
        "rw" : "randwrite",
        "bs" : "4k",
        "iodepth" : "32",
        "numjobs" : "1",
        "size" : "1G",
        "end_fsync" : "1",
        "filename" : "integrity_rand4k.dat"
      },
      "read" : {
        "io_bytes" : 1073741824,
        "io_kbytes" : 1048576,
        "bw_bytes" : 1123160903,
        "bw" : 1096836,
        "iops" : 274209.205021,
        "runtime" : 956,
        "total_ios" : 262144,
        "short_ios" : 0,
        "drop_ios" : 0,
        "slat_ns" : {
          "min" : 1750,
          "max" : 574399,
          "mean" : 3137.253395,
          "stddev" : 2659.434142,
          "N" : 262144
        },
        "clat_ns" : {
          "min" : 625,
          "max" : 856536,
          "mean" : 112826.291107,
          "stddev" : 33087.834079,
          "N" : 262144,
          "percentile" : {
            "1.000000" : 94720,
            "5.000000" : 96768,
            "10.000000" : 98816,
            "20.000000" : 100864,
            "30.000000" : 101888,
            "40.000000" : 103936,
            "50.000000" : 105984,
            "60.000000" : 108032,
            "70.000000" : 111104,
            "80.000000" : 116224,
            "90.000000" : 126464,
            "95.000000" : 140288,
            "99.000000" : 240640,
            "99.500000" : 296960,
            "99.900000" : 569344,
            "99.950000" : 659456,
            "99.990000" : 798720
          }
        },
        "lat_ns" : {
          "min" : 2583,
          "max" : 867703,
          "mean" : 115963.544502,
          "stddev" : 33894.013328,
          "N" : 262144
        },
        "bw_min" : 0,
        "bw_max" : 0,
        "bw_agg" : 0.000000,
        "bw_mean" : 0.000000,
        "bw_dev" : 0.000000,
        "bw_samples" : 0,
        "iops_min" : 0,
        "iops_max" : 0,
        "iops_mean" : 0.000000,
        "iops_stddev" : 0.000000,
        "iops_samples" : 0
      },
      "write" : {
        "io_bytes" : 1073741824,
        "io_kbytes" : 1048576,
        "bw_bytes" : 166008321,
        "bw" : 162117,
        "iops" : 40529.375387,
        "runtime" : 6468,
        "total_ios" : 262144,
        "short_ios" : 0,
        "drop_ios" : 0,
        "slat_ns" : {
          "min" : 959,
          "max" : 5026418,
          "mean" : 4895.876431,
          "stddev" : 25823.117121,
          "N" : 262144
        },
        "clat_ns" : {
          "min" : 42377,
          "max" : 37617900,
          "mean" : 530477.620567,
          "stddev" : 878902.221240,
          "N" : 262144,
          "percentile" : {
            "1.000000" : 146432,
            "5.000000" : 236544,
            "10.000000" : 268288,
            "20.000000" : 301056,
            "30.000000" : 321536,
            "40.000000" : 342016,
            "50.000000" : 358400,
            "60.000000" : 378880,
            "70.000000" : 415744,
            "80.000000" : 528384,
            "90.000000" : 798720,
            "95.000000" : 1138688,
            "99.000000" : 3948544,
            "99.500000" : 6062080,
            "99.900000" : 9633792,
            "99.950000" : 15007744,
            "99.990000" : 34865152
          }
        },
        "lat_ns" : {
          "min" : 43502,
          "max" : 37619359,
          "mean" : 535373.496998,
          "stddev" : 880905.389358,
          "N" : 262144
        },
        "bw_min" : 25365,
        "bw_max" : 298178,
        "bw_agg" : 100.000000,
        "bw_mean" : 219712.888889,
        "bw_dev" : 82041.091586,
        "bw_samples" : 9,
        "iops_min" : 6341,
        "iops_max" : 74544,
        "iops_mean" : 54927.888889,
        "iops_stddev" : 20510.138874,
        "iops_samples" : 9
      },
      "trim" : {
        "io_bytes" : 0,
        "io_kbytes" : 0,
        "bw_bytes" : 0,
        "bw" : 0,
        "iops" : 0.000000,
        "runtime" : 0,
        "total_ios" : 0,
        "short_ios" : 0,
        "drop_ios" : 0,
        "slat_ns" : {
          "min" : 0,
          "max" : 0,
          "mean" : 0.000000,
          "stddev" : 0.000000,
          "N" : 0
        },
        "clat_ns" : {
          "min" : 0,
          "max" : 0,
          "mean" : 0.000000,
          "stddev" : 0.000000,
          "N" : 0
        },
        "lat_ns" : {
          "min" : 0,
          "max" : 0,
          "mean" : 0.000000,
          "stddev" : 0.000000,
          "N" : 0
        },
        "bw_min" : 0,
        "bw_max" : 0,
        "bw_agg" : 0.000000,
        "bw_mean" : 0.000000,
        "bw_dev" : 0.000000,
        "bw_samples" : 0,
        "iops_min" : 0,
        "iops_max" : 0,
        "iops_mean" : 0.000000,
        "iops_stddev" : 0.000000,
        "iops_samples" : 0
      },
      "sync" : {
        "total_ios" : 0,
        "lat_ns" : {
          "min" : 0,
          "max" : 0,
          "mean" : 0.000000,
          "stddev" : 0.000000,
          "N" : 0
        }
      },
      "job_runtime" : 7422,
      "usr_cpu" : 11.627594,
      "sys_cpu" : 20.466182,
      "ctx" : 153475,
      "majf" : 0,
      "minf" : 7170,
      "iodepth_level" : {
        "1" : 0.100000,
        "2" : 0.100000,
        "4" : 0.100000,
        "8" : 0.100000,
        "16" : 0.100000,
        "32" : 99.988174,
        ">=64" : 0.000000
      },
      "iodepth_submit" : {
        "0" : 0.000000,
        "4" : 100.000000,
        "8" : 0.000000,
        "16" : 0.000000,
        "32" : 0.000000,
        "64" : 0.000000,
        ">=64" : 0.000000
      },
      "iodepth_complete" : {
        "0" : 0.000000,
        "4" : 99.999618,
        "8" : 0.000000,
        "16" : 0.000000,
        "32" : 0.100000,
        "64" : 0.000000,
        ">=64" : 0.000000
      },
      "latency_ns" : {
        "2" : 0.000000,
        "4" : 0.000000,
        "10" : 0.000000,
        "20" : 0.000000,
        "50" : 0.000000,
        "100" : 0.000000,
        "250" : 0.000000,
        "500" : 0.000000,
        "750" : 0.010000,
        "1000" : 0.000000
      },
      "latency_us" : {
        "2" : 0.000000,
        "4" : 0.010000,
        "10" : 0.010000,
        "20" : 0.010000,
        "50" : 0.010000,
        "100" : 8.308411,
        "250" : 44.497299,
        "500" : 36.185455,
        "750" : 5.304527,
        "1000" : 2.560234
      },
      "latency_ms" : {
        "2" : 1.968956,
        "4" : 0.671768,
        "10" : 0.444221,
        "20" : 0.035858,
        "50" : 0.012398,
        "100" : 0.000000,
        "250" : 0.000000,
        "500" : 0.000000,
        "750" : 0.000000,
        "1000" : 0.000000,
        "2000" : 0.000000,
        ">=2000" : 0.000000
      },
      "latency_depth" : 32,
      "latency_target" : 0,
      "latency_percentile" : 100.000000,
      "latency_window" : 0
    }
  ]
}
