{
  "fio version" : "fio-3.36",
  "timestamp" : 1775305077,
  "timestamp_ms" : 1775305077578,
  "time" : "Sat Apr  4 17:47:57 2026",
  "global options" : {
    "directory" : "/home/kishore/benchmark_arena/btrfs_mount",
    "ioengine" : "io_uring",
    "direct" : "1",
    "group_reporting" : "1",
    "thread" : "1",
    "randrepeat" : "1",
    "randseed" : "42",
    "fallocate" : "none",
    "verify" : "crc32c",
    "do_verify" : "1",
    "verify_fatal" : "1"
  },
  "jobs" : [
    {
      "jobname" : "seq_verify",
      "groupid" : 0,
      "job_start" : 1775305074641,
      "error" : 0,
      "eta" : 0,
      "elapsed" : 4,
      "job options" : {
        "rw" : "write",
        "bs" : "128k",
        "iodepth" : "16",
        "numjobs" : "1",
        "size" : "2G",
        "end_fsync" : "1",
        "filename" : "integrity_seq.dat"
      },
      "read" : {
        "io_bytes" : 2147483648,
        "io_kbytes" : 2097152,
        "bw_bytes" : 13765920820,
        "bw" : 13443282,
        "iops" : 105025.641026,
        "runtime" : 156,
        "total_ios" : 16384,
        "short_ios" : 0,
        "drop_ios" : 0,
        "slat_ns" : {
          "min" : 291,
          "max" : 55752,
          "mean" : 606.736328,
          "stddev" : 940.046581,
          "N" : 16384
        },
        "clat_ns" : {
          "min" : 93379,
          "max" : 1968166,
          "mean" : 144850.441040,
          "stddev" : 73831.396622,
          "N" : 16384,
          "percentile" : {
            "1.000000" : 103936,
            "5.000000" : 104960,
            "10.000000" : 111104,
            "20.000000" : 116224,
            "30.000000" : 119296,
            "40.000000" : 120320,
            "50.000000" : 122368,
            "60.000000" : 124416,
            "70.000000" : 127488,
            "80.000000" : 134144,
            "90.000000" : 214016,
            "95.000000" : 329728,
            "99.000000" : 411648,
            "99.500000" : 489472,
            "99.900000" : 815104,
            "99.950000" : 921600,
            "99.990000" : 1155072
          }
        },
        "lat_ns" : {
          "min" : 93879,
          "max" : 1968582,
          "mean" : 145457.177368,
          "stddev" : 73915.570433,
          "N" : 16384
        },
        "bw_min" : 0,
        "bw_max" : 0,
        "bw_agg" : 0.000000,
        "bw_mean" : 0.000000,
        "bw_dev" : 0.000000,
        "bw_samples" : 0,
        "iops_min" : 0,
        "iops_max" : 0,
        "iops_mean" : 0.000000,
        "iops_stddev" : 0.000000,
        "iops_samples" : 0
      },
      "write" : {
        "io_bytes" : 2147483648,
        "io_kbytes" : 2097152,
        "bw_bytes" : 803097848,
        "bw" : 784275,
        "iops" : 6127.150337,
        "runtime" : 2674,
        "total_ios" : 16384,
        "short_ios" : 0,
        "drop_ios" : 0,
        "slat_ns" : {
          "min" : 21126,
          "max" : 267261,
          "mean" : 29290.346558,
          "stddev" : 6082.736819,
          "N" : 16384
        },
        "clat_ns" : {
          "min" : 341598,
          "max" : 120998249,
          "mean" : 796607.719055,
          "stddev" : 3769807.844020,
          "N" : 16384,
          "percentile" : {
            "1.000000" : 358400,
            "5.000000" : 382976,
            "10.000000" : 411648,
            "20.000000" : 432128,
            "30.000000" : 440320,
            "40.000000" : 448512,
            "50.000000" : 460800,
            "60.000000" : 485376,
            "70.000000" : 602112,
            "80.000000" : 806912,
            "90.000000" : 1171456,
            "95.000000" : 1482752,
            "99.000000" : 3653632,
            "99.500000" : 5603328,
            "99.900000" : 10944512,
            "99.950000" : 121110528,
            "99.990000" : 121110528
          }
        },
        "lat_ns" : {
          "min" : 365141,
          "max" : 121032459,
          "mean" : 825898.065613,
          "stddev" : 3770023.380318,
          "N" : 16384
        },
        "bw_min" : 258768,
        "bw_max" : 3057466,
        "bw_agg" : 100.000000,
        "bw_mean" : 1658117.000000,
        "bw_dev" : 1978978.334293,
        "bw_samples" : 2,
        "iops_min" : 2021,
        "iops_max" : 23886,
        "iops_mean" : 12953.500000,
        "iops_stddev" : 15460.889771,
        "iops_samples" : 2
      },
      "trim" : {
        "io_bytes" : 0,
        "io_kbytes" : 0,
        "bw_bytes" : 0,
        "bw" : 0,
        "iops" : 0.000000,
        "runtime" : 0,
        "total_ios" : 0,
        "short_ios" : 0,
        "drop_ios" : 0,
        "slat_ns" : {
          "min" : 0,
          "max" : 0,
          "mean" : 0.000000,
          "stddev" : 0.000000,
          "N" : 0
        },
        "clat_ns" : {
          "min" : 0,
          "max" : 0,
          "mean" : 0.000000,
          "stddev" : 0.000000,
          "N" : 0
        },
        "lat_ns" : {
          "min" : 0,
          "max" : 0,
          "mean" : 0.000000,
          "stddev" : 0.000000,
          "N" : 0
        },
        "bw_min" : 0,
        "bw_max" : 0,
        "bw_agg" : 0.000000,
        "bw_mean" : 0.000000,
        "bw_dev" : 0.000000,
        "bw_samples" : 0,
        "iops_min" : 0,
        "iops_max" : 0,
        "iops_mean" : 0.000000,
        "iops_stddev" : 0.000000,
        "iops_samples" : 0
      },
      "sync" : {
        "total_ios" : 0,
        "lat_ns" : {
          "min" : 0,
          "max" : 0,
          "mean" : 0.000000,
          "stddev" : 0.000000,
          "N" : 0
        }
      },
      "job_runtime" : 2829,
      "usr_cpu" : 19.370802,
      "sys_cpu" : 2.297632,
      "ctx" : 6454,
      "majf" : 0,
      "minf" : 429,
      "iodepth_level" : {
        "1" : 0.100000,
        "2" : 0.100000,
        "4" : 0.100000,
        "8" : 0.100000,
        "16" : 99.908447,
        "32" : 0.000000,
        ">=64" : 0.000000
      },
      "iodepth_submit" : {
        "0" : 0.000000,
        "4" : 100.000000,
        "8" : 0.000000,
        "16" : 0.000000,
        "32" : 0.000000,
        "64" : 0.000000,
        ">=64" : 0.000000
      },
      "iodepth_complete" : {
        "0" : 0.000000,
        "4" : 99.993891,
        "8" : 0.000000,
        "16" : 0.100000,
        "32" : 0.000000,
        "64" : 0.000000,
        ">=64" : 0.000000
      },
      "latency_ns" : {
        "2" : 0.000000,
        "4" : 0.000000,
        "10" : 0.000000,
        "20" : 0.000000,
        "50" : 0.000000,
        "100" : 0.000000,
        "250" : 0.000000,
        "500" : 0.000000,
        "750" : 0.000000,
        "1000" : 0.000000
      },
      "latency_us" : {
        "2" : 0.000000,
        "4" : 0.000000,
        "10" : 0.000000,
        "20" : 0.000000,
        "50" : 0.000000,
        "100" : 0.109863,
        "250" : 45.913696,
        "500" : 34.820557,
        "750" : 7.537842,
        "1000" : 4.739380
      },
      "latency_ms" : {
        "2" : 5.480957,
        "4" : 0.973511,
        "10" : 0.360107,
        "20" : 0.015259,
        "50" : 0.000000,
        "100" : 0.000000,
        "250" : 0.048828,
        "500" : 0.000000,
        "750" : 0.000000,
        "1000" : 0.000000,
        "2000" : 0.000000,
        ">=2000" : 0.000000
      },
      "latency_depth" : 16,
      "latency_target" : 0,
      "latency_percentile" : 100.000000,
      "latency_window" : 0
    }
  ]
}
