{
  "fio version" : "fio-3.36",
  "timestamp" : 1775303260,
  "timestamp_ms" : 1775303260936,
  "time" : "Sat Apr  4 17:17:40 2026",
  "global options" : {
    "directory" : "/home/kishore/benchmark_arena/btrfs_mount",
    "ioengine" : "io_uring",
    "direct" : "1",
    "group_reporting" : "1",
    "thread" : "1",
    "time_based" : "1",
    "runtime" : "45",
    "ramp_time" : "5",
    "randrepeat" : "1",
    "randseed" : "42",
    "fallocate" : "none"
  },
  "jobs" : [
    {
      "jobname" : "realistic_mix",
      "groupid" : 0,
      "job_start" : 1775303215282,
      "error" : 0,
      "eta" : 0,
      "elapsed" : 51,
      "job options" : {
        "rw" : "randrw",
        "rwmixread" : "70",
        "bssplit" : "4k/50:64k/30:1m/20",
        "iodepth" : "32",
        "numjobs" : "4",
        "size" : "1G",
        "end_fsync" : "1",
        "filename" : "bench_realistic_mix.dat"
      },
      "read" : {
        "io_bytes" : 176583704576,
        "io_kbytes" : 172445024,
        "bw_bytes" : 3868970981,
        "bw" : 3778291,
        "iops" : 66281.523192,
        "runtime" : 45641,
        "total_ios" : 3025155,
        "short_ios" : 0,
        "drop_ios" : 0,
        "slat_ns" : {
          "min" : 208,
          "max" : 24217384,
          "mean" : 53477.646567,
          "stddev" : 129429.926329,
          "N" : 3025159
        },
        "clat_ns" : {
          "min" : 0,
          "max" : 32385516,
          "mean" : 1090648.364429,
          "stddev" : 1074664.955053,
          "N" : 3025236,
          "percentile" : {
            "1.000000" : 125,
            "5.000000" : 6752,
            "10.000000" : 16768,
            "20.000000" : 40192,
            "30.000000" : 272384,
            "40.000000" : 528384,
            "50.000000" : 864256,
            "60.000000" : 1187840,
            "70.000000" : 1531904,
            "80.000000" : 1941504,
            "90.000000" : 2539520,
            "95.000000" : 3096576,
            "99.000000" : 4292608,
            "99.500000" : 4816896,
            "99.900000" : 6193152,
            "99.950000" : 6914048,
            "99.990000" : 10551296
          }
        },
        "lat_ns" : {
          "min" : 1750,
          "max" : 32633151,
          "mean" : 1144126.726982,
          "stddev" : 1106325.695460,
          "N" : 3025236
        },
        "bw_min" : 1827625,
        "bw_max" : 4990299,
        "bw_agg" : 100.000000,
        "bw_mean" : 3832261.595506,
        "bw_dev" : 188945.790396,
        "bw_samples" : 356,
        "iops_min" : 46968,
        "iops_max" : 76711,
        "iops_mean" : 67250.651685,
        "iops_stddev" : 1317.520626,
        "iops_samples" : 356
      },
      "write" : {
        "io_bytes" : 75585662976,
        "io_kbytes" : 73814124,
        "bw_bytes" : 1656091298,
        "bw" : 1617276,
        "iops" : 28413.465963,
        "runtime" : 45641,
        "total_ios" : 1296819,
        "short_ios" : 0,
        "drop_ios" : 0,
        "slat_ns" : {
          "min" : 250,
          "max" : 4752823,
          "mean" : 2737.796544,
          "stddev" : 11746.651511,
          "N" : 1296819
        },
        "clat_ns" : {
          "min" : 83,
          "max" : 39811825,
          "mean" : 1768595.780109,
          "stddev" : 1186243.514353,
          "N" : 1296862,
          "percentile" : {
            "1.000000" : 234496,
            "5.000000" : 337920,
            "10.000000" : 432128,
            "20.000000" : 716800,
            "30.000000" : 1028096,
            "40.000000" : 1318912,
            "50.000000" : 1597440,
            "60.000000" : 1892352,
            "70.000000" : 2211840,
            "80.000000" : 2637824,
            "90.000000" : 3260416,
            "95.000000" : 3850240,
            "99.000000" : 5275648,
            "99.500000" : 5865472,
            "99.900000" : 7700480,
            "99.950000" : 8978432,
            "99.990000" : 24248320
          }
        },
        "lat_ns" : {
          "min" : 7250,
          "max" : 39812450,
          "mean" : 1771333.565752,
          "stddev" : 1186414.064461,
          "N" : 1296862
        },
        "bw_min" : 772627,
        "bw_max" : 2160870,
        "bw_agg" : 100.000000,
        "bw_mean" : 1640759.741573,
        "bw_dev" : 81976.113668,
        "bw_samples" : 356,
        "iops_min" : 20111,
        "iops_max" : 33213,
        "iops_mean" : 28827.910112,
        "iops_stddev" : 562.226242,
        "iops_samples" : 356
      },
      "trim" : {
        "io_bytes" : 0,
        "io_kbytes" : 0,
        "bw_bytes" : 0,
        "bw" : 0,
        "iops" : 0.000000,
        "runtime" : 0,
        "total_ios" : 0,
        "short_ios" : 0,
        "drop_ios" : 0,
        "slat_ns" : {
          "min" : 0,
          "max" : 0,
          "mean" : 0.000000,
          "stddev" : 0.000000,
          "N" : 0
        },
        "clat_ns" : {
          "min" : 0,
          "max" : 0,
          "mean" : 0.000000,
          "stddev" : 0.000000,
          "N" : 0
        },
        "lat_ns" : {
          "min" : 0,
          "max" : 0,
          "mean" : 0.000000,
          "stddev" : 0.000000,
          "N" : 0
        },
        "bw_min" : 0,
        "bw_max" : 0,
        "bw_agg" : 0.000000,
        "bw_mean" : 0.000000,
        "bw_dev" : 0.000000,
        "bw_samples" : 0,
        "iops_min" : 0,
        "iops_max" : 0,
        "iops_mean" : 0.000000,
        "iops_stddev" : 0.000000,
        "iops_samples" : 0
      },
      "sync" : {
        "total_ios" : 0,
        "lat_ns" : {
          "min" : 0,
          "max" : 0,
          "mean" : 0.000000,
          "stddev" : 0.000000,
          "N" : 0
        }
      },
      "job_runtime" : 182555,
      "usr_cpu" : 2.681384,
      "sys_cpu" : 5.502451,
      "ctx" : 1261063,
      "majf" : 0,
      "minf" : 0,
      "iodepth_level" : {
        "1" : 0.100000,
        "2" : 0.000000,
        "4" : 0.000000,
        "8" : 0.000000,
        "16" : 0.000000,
        "32" : 100.000000,
        ">=64" : 0.000000
      },
      "iodepth_submit" : {
        "0" : 0.000000,
        "4" : 100.000000,
        "8" : 0.000000,
        "16" : 0.000000,
        "32" : 0.000000,
        "64" : 0.000000,
        ">=64" : 0.000000
      },
      "iodepth_complete" : {
        "0" : 0.000000,
        "4" : 99.999907,
        "8" : 0.000000,
        "16" : 0.000000,
        "32" : 0.100000,
        "64" : 0.000000,
        ">=64" : 0.000000
      },
      "latency_ns" : {
        "2" : 0.010000,
        "4" : 0.000000,
        "10" : 0.000000,
        "20" : 0.000000,
        "50" : 0.142412,
        "100" : 0.487971,
        "250" : 0.248567,
        "500" : 0.199191,
        "750" : 0.142620,
        "1000" : 0.156271
      },
      "latency_us" : {
        "2" : 0.273509,
        "4" : 0.819302,
        "10" : 2.210564,
        "20" : 3.421284,
        "50" : 7.826887,
        "100" : 2.068476,
        "250" : 2.951614,
        "500" : 10.173661,
        "750" : 7.739357,
        "1000" : 7.730195
      },
      "latency_ms" : {
        "2" : 29.295341,
        "4" : 21.844625,
        "10" : 2.252721,
        "20" : 0.012448,
        "50" : 0.010000,
        "100" : 0.000000,
        "250" : 0.000000,
        "500" : 0.000000,
        "750" : 0.000000,
        "1000" : 0.000000,
        "2000" : 0.000000,
        ">=2000" : 0.000000
      },
      "latency_depth" : 32,
      "latency_target" : 0,
      "latency_percentile" : 100.000000,
      "latency_window" : 0
    }
  ]
}
