{
  "fio version" : "fio-3.36",
  "timestamp" : 1775304511,
  "timestamp_ms" : 1775304511901,
  "time" : "Sat Apr  4 17:38:31 2026",
  "global options" : {
    "directory" : "/home/kishore/benchmark_arena/arcfs_mount",
    "ioengine" : "io_uring",
    "direct" : "1",
    "group_reporting" : "1",
    "thread" : "1",
    "time_based" : "1",
    "runtime" : "45",
    "ramp_time" : "5",
    "randrepeat" : "1",
    "randseed" : "42",
    "fallocate" : "none"
  },
  "jobs" : [
    {
      "jobname" : "realistic_mix",
      "groupid" : 0,
      "job_start" : 1775304440036,
      "error" : 0,
      "eta" : 0,
      "elapsed" : 78,
      "job options" : {
        "rw" : "randrw",
        "rwmixread" : "70",
        "bssplit" : "4k/50:64k/30:1m/20",
        "iodepth" : "32",
        "numjobs" : "4",
        "size" : "1G",
        "filename" : "bench_realistic_mix.dat"
      },
      "read" : {
        "io_bytes" : 121052012544,
        "io_kbytes" : 118214856,
        "bw_bytes" : 1684952083,
        "bw" : 1645461,
        "iops" : 28797.697758,
        "runtime" : 71843,
        "total_ios" : 2068913,
        "short_ios" : 0,
        "drop_ios" : 0,
        "slat_ns" : {
          "min" : 2125,
          "max" : 17548233101,
          "mean" : 50897.416109,
          "stddev" : 12200336.249165,
          "N" : 2068913
        },
        "clat_ns" : {
          "min" : 833,
          "max" : 26847273146,
          "mean" : 2328796.353529,
          "stddev" : 100457388.242741,
          "N" : 2069003,
          "percentile" : {
            "1.000000" : 905216,
            "5.000000" : 1122304,
            "10.000000" : 1253376,
            "20.000000" : 1400832,
            "30.000000" : 1515520,
            "40.000000" : 1630208,
            "50.000000" : 1744896,
            "60.000000" : 1875968,
            "70.000000" : 2039808,
            "80.000000" : 2277376,
            "90.000000" : 2703360,
            "95.000000" : 3162112,
            "99.000000" : 4145152,
            "99.500000" : 4554752,
            "99.900000" : 5996544,
            "99.950000" : 8159232,
            "99.990000" : 22151168
          }
        },
        "lat_ns" : {
          "min" : 163424,
          "max" : 26847286105,
          "mean" : 2379692.904800,
          "stddev" : 101195462.066246,
          "N" : 2069003
        },
        "bw_min" : 1261111,
        "bw_max" : 4081488,
        "bw_agg" : 100.000000,
        "bw_mean" : 2629981.435705,
        "bw_dev" : 162786.645425,
        "bw_samples" : 358,
        "iops_min" : 33606,
        "iops_max" : 66080,
        "iops_mean" : 45991.814732,
        "iops_stddev" : 1591.385703,
        "iops_samples" : 358
      },
      "write" : {
        "io_bytes" : 51665326080,
        "io_kbytes" : 50454420,
        "bw_bytes" : 719142102,
        "bw" : 702287,
        "iops" : 12323.845051,
        "runtime" : 71843,
        "total_ios" : 885382,
        "short_ios" : 0,
        "drop_ios" : 0,
        "slat_ns" : {
          "min" : 2875,
          "max" : 26845006635,
          "mean" : 130995.634477,
          "stddev" : 28529841.625333,
          "N" : 885386
        },
        "clat_ns" : {
          "min" : 1166,
          "max" : 26847172267,
          "mean" : 2415521.793647,
          "stddev" : 111493527.846676,
          "N" : 885416,
          "percentile" : {
            "1.000000" : 897024,
            "5.000000" : 1122304,
            "10.000000" : 1236992,
            "20.000000" : 1384448,
            "30.000000" : 1515520,
            "40.000000" : 1613824,
            "50.000000" : 1744896,
            "60.000000" : 1875968,
            "70.000000" : 2039808,
            "80.000000" : 2277376,
            "90.000000" : 2703360,
            "95.000000" : 3162112,
            "99.000000" : 4145152,
            "99.500000" : 4554752,
            "99.900000" : 5931008,
            "99.950000" : 7962624,
            "99.990000" : 30801920
          }
        },
        "lat_ns" : {
          "min" : 162465,
          "max" : 26847287522,
          "mean" : 2546515.645554,
          "stddev" : 115085268.397997,
          "N" : 885416
        },
        "bw_min" : 532564,
        "bw_max" : 1757744,
        "bw_agg" : 100.000000,
        "bw_mean" : 1122227.177528,
        "bw_dev" : 69959.671419,
        "bw_samples" : 358,
        "iops_min" : 14441,
        "iops_max" : 28352,
        "iops_mean" : 19679.072409,
        "iops_stddev" : 676.827291,
        "iops_samples" : 358
      },
      "trim" : {
        "io_bytes" : 0,
        "io_kbytes" : 0,
        "bw_bytes" : 0,
        "bw" : 0,
        "iops" : 0.000000,
        "runtime" : 0,
        "total_ios" : 0,
        "short_ios" : 0,
        "drop_ios" : 0,
        "slat_ns" : {
          "min" : 0,
          "max" : 0,
          "mean" : 0.000000,
          "stddev" : 0.000000,
          "N" : 0
        },
        "clat_ns" : {
          "min" : 0,
          "max" : 0,
          "mean" : 0.000000,
          "stddev" : 0.000000,
          "N" : 0
        },
        "lat_ns" : {
          "min" : 0,
          "max" : 0,
          "mean" : 0.000000,
          "stddev" : 0.000000,
          "N" : 0
        },
        "bw_min" : 0,
        "bw_max" : 0,
        "bw_agg" : 0.000000,
        "bw_mean" : 0.000000,
        "bw_dev" : 0.000000,
        "bw_samples" : 0,
        "iops_min" : 0,
        "iops_max" : 0,
        "iops_mean" : 0.000000,
        "iops_stddev" : 0.000000,
        "iops_samples" : 0
      },
      "sync" : {
        "total_ios" : 0,
        "lat_ns" : {
          "min" : 0,
          "max" : 0,
          "mean" : 0.000000,
          "stddev" : 0.000000,
          "N" : 0
        }
      },
      "job_runtime" : 224387,
      "usr_cpu" : 2.929760,
      "sys_cpu" : 7.286073,
      "ctx" : 4468085,
      "majf" : 0,
      "minf" : 1,
      "iodepth_level" : {
        "1" : 0.000000,
        "2" : 0.000000,
        "4" : 0.000000,
        "8" : 0.000000,
        "16" : 0.000000,
        "32" : 100.000000,
        ">=64" : 0.000000
      },
      "iodepth_submit" : {
        "0" : 0.000000,
        "4" : 100.000000,
        "8" : 0.000000,
        "16" : 0.000000,
        "32" : 0.000000,
        "64" : 0.000000,
        ">=64" : 0.000000
      },
      "iodepth_complete" : {
        "0" : 0.000000,
        "4" : 99.999865,
        "8" : 0.000000,
        "16" : 0.000000,
        "32" : 0.100000,
        "64" : 0.000000,
        ">=64" : 0.000000
      },
      "latency_ns" : {
        "2" : 0.000000,
        "4" : 0.000000,
        "10" : 0.000000,
        "20" : 0.000000,
        "50" : 0.000000,
        "100" : 0.000000,
        "250" : 0.000000,
        "500" : 0.000000,
        "750" : 0.000000,
        "1000" : 0.010000
      },
      "latency_us" : {
        "2" : 0.010000,
        "4" : 0.000000,
        "10" : 0.000000,
        "20" : 0.000000,
        "50" : 0.010000,
        "100" : 0.010000,
        "250" : 0.010000,
        "500" : 0.010000,
        "750" : 0.193007,
        "1000" : 1.922117
      },
      "latency_ms" : {
        "2" : 65.725528,
        "4" : 30.853926,
        "10" : 1.266664,
        "20" : 0.020851,
        "50" : 0.010000,
        "100" : 0.010000,
        "250" : 0.000000,
        "500" : 0.000000,
        "750" : 0.000000,
        "1000" : 0.000000,
        "2000" : 0.000000,
        ">=2000" : 0.010000
      },
      "latency_depth" : 32,
      "latency_target" : 0,
      "latency_percentile" : 100.000000,
      "latency_window" : 0
    }
  ]
}
