{
  "fio version" : "fio-3.36",
  "timestamp" : 1775306666,
  "timestamp_ms" : 1775306666443,
  "time" : "Sat Apr  4 18:14:26 2026",
  "global options" : {
    "directory" : "/home/kishore/benchmark_arena/bindfs_mount",
    "ioengine" : "io_uring",
    "direct" : "1",
    "group_reporting" : "1",
    "thread" : "1",
    "randrepeat" : "1",
    "randseed" : "42",
    "fallocate" : "none",
    "verify" : "crc32c",
    "do_verify" : "1",
    "verify_fatal" : "1"
  },
  "jobs" : [
    {
      "jobname" : "fsync4k_verify",
      "groupid" : 0,
      "job_start" : 1775306663933,
      "error" : 0,
      "eta" : 0,
      "elapsed" : 3,
      "job options" : {
        "rw" : "randwrite",
        "bs" : "4k",
        "iodepth" : "1",
        "numjobs" : "1",
        "size" : "32M",
        "fsync" : "16",
        "filename" : "integrity_fsync4k.dat"
      },
      "read" : {
        "io_bytes" : 33554432,
        "io_kbytes" : 32768,
        "bw_bytes" : 120266781,
        "bw" : 117448,
        "iops" : 29362.007168,
        "runtime" : 279,
        "total_ios" : 8192,
        "short_ios" : 0,
        "drop_ios" : 0,
        "slat_ns" : {
          "min" : 13834,
          "max" : 1259105,
          "mean" : 32309.183960,
          "stddev" : 33766.816224,
          "N" : 8192
        },
        "clat_ns" : {
          "min" : 83,
          "max" : 15667,
          "mean" : 382.541382,
          "stddev" : 275.826036,
          "N" : 8192,
          "percentile" : {
            "1.000000" : 209,
            "5.000000" : 251,
            "10.000000" : 290,
            "20.000000" : 294,
            "30.000000" : 334,
            "40.000000" : 374,
            "50.000000" : 374,
            "60.000000" : 418,
            "70.000000" : 418,
            "80.000000" : 458,
            "90.000000" : 458,
            "95.000000" : 502,
            "99.000000" : 540,
            "99.500000" : 588,
            "99.900000" : 1704,
            "99.950000" : 7072,
            "99.990000" : 15680
          }
        },
        "lat_ns" : {
          "min" : 14001,
          "max" : 1259564,
          "mean" : 32691.725342,
          "stddev" : 33768.376851,
          "N" : 8192
        },
        "bw_min" : 0,
        "bw_max" : 0,
        "bw_agg" : 0.000000,
        "bw_mean" : 0.000000,
        "bw_dev" : 0.000000,
        "bw_samples" : 0,
        "iops_min" : 0,
        "iops_max" : 0,
        "iops_mean" : 0.000000,
        "iops_stddev" : 0.000000,
        "iops_samples" : 0
      },
      "write" : {
        "io_bytes" : 33554432,
        "io_kbytes" : 32768,
        "bw_bytes" : 15183000,
        "bw" : 14827,
        "iops" : 3706.787330,
        "runtime" : 2210,
        "total_ios" : 8192,
        "short_ios" : 0,
        "drop_ios" : 0,
        "slat_ns" : {
          "min" : 23960,
          "max" : 826652,
          "mean" : 71113.602051,
          "stddev" : 22639.736167,
          "N" : 8192
        },
        "clat_ns" : {
          "min" : 83,
          "max" : 11001,
          "mean" : 379.456909,
          "stddev" : 278.498412,
          "N" : 8192,
          "percentile" : {
            "1.000000" : 125,
            "5.000000" : 125,
            "10.000000" : 167,
            "20.000000" : 294,
            "30.000000" : 334,
            "40.000000" : 374,
            "50.000000" : 374,
            "60.000000" : 418,
            "70.000000" : 418,
            "80.000000" : 458,
            "90.000000" : 502,
            "95.000000" : 540,
            "99.000000" : 628,
            "99.500000" : 708,
            "99.900000" : 2800,
            "99.950000" : 7072,
            "99.990000" : 10944
          }
        },
        "lat_ns" : {
          "min" : 24210,
          "max" : 827028,
          "mean" : 71493.058960,
          "stddev" : 22691.056198,
          "N" : 8192
        },
        "bw_min" : 9216,
        "bw_max" : 16864,
        "bw_agg" : 99.236883,
        "bw_mean" : 14714.000000,
        "bw_dev" : 3678.326431,
        "bw_samples" : 4,
        "iops_min" : 2304,
        "iops_max" : 4216,
        "iops_mean" : 3678.500000,
        "iops_stddev" : 919.581608,
        "iops_samples" : 4
      },
      "trim" : {
        "io_bytes" : 0,
        "io_kbytes" : 0,
        "bw_bytes" : 0,
        "bw" : 0,
        "iops" : 0.000000,
        "runtime" : 0,
        "total_ios" : 0,
        "short_ios" : 0,
        "drop_ios" : 0,
        "slat_ns" : {
          "min" : 0,
          "max" : 0,
          "mean" : 0.000000,
          "stddev" : 0.000000,
          "N" : 0
        },
        "clat_ns" : {
          "min" : 0,
          "max" : 0,
          "mean" : 0.000000,
          "stddev" : 0.000000,
          "N" : 0
        },
        "lat_ns" : {
          "min" : 0,
          "max" : 0,
          "mean" : 0.000000,
          "stddev" : 0.000000,
          "N" : 0
        },
        "bw_min" : 0,
        "bw_max" : 0,
        "bw_agg" : 0.000000,
        "bw_mean" : 0.000000,
        "bw_dev" : 0.000000,
        "bw_samples" : 0,
        "iops_min" : 0,
        "iops_max" : 0,
        "iops_mean" : 0.000000,
        "iops_stddev" : 0.000000,
        "iops_samples" : 0
      },
      "sync" : {
        "total_ios" : 511,
        "lat_ns" : {
          "min" : 1619801,
          "max" : 238852362,
          "mean" : 3159657.154599,
          "stddev" : 10453646.261615,
          "N" : 511,
          "percentile" : {
            "1.000000" : 1794048,
            "5.000000" : 2179072,
            "10.000000" : 2277376,
            "20.000000" : 2408448,
            "30.000000" : 2506752,
            "40.000000" : 2605056,
            "50.000000" : 2670592,
            "60.000000" : 2768896,
            "70.000000" : 2867200,
            "80.000000" : 2932736,
            "90.000000" : 3129344,
            "95.000000" : 3260416,
            "99.000000" : 4177920,
            "99.500000" : 4358144,
            "99.900000" : 238026752,
            "99.950000" : 238026752,
            "99.990000" : 238026752
          }
        }
      },
      "job_runtime" : 2488,
      "usr_cpu" : 3.135048,
      "sys_cpu" : 4.622186,
      "ctx" : 25482,
      "majf" : 0,
      "minf" : 205,
      "iodepth_level" : {
        "1" : 103.118896,
        "2" : 0.000000,
        "4" : 0.000000,
        "8" : 0.000000,
        "16" : 0.000000,
        "32" : 0.000000,
        ">=64" : 0.000000
      },
      "iodepth_submit" : {
        "0" : 0.000000,
        "4" : 100.000000,
        "8" : 0.000000,
        "16" : 0.000000,
        "32" : 0.000000,
        "64" : 0.000000,
        ">=64" : 0.000000
      },
      "iodepth_complete" : {
        "0" : 0.000000,
        "4" : 100.000000,
        "8" : 0.000000,
        "16" : 0.000000,
        "32" : 0.000000,
        "64" : 0.000000,
        ">=64" : 0.000000
      },
      "latency_ns" : {
        "2" : 0.000000,
        "4" : 0.000000,
        "10" : 0.000000,
        "20" : 0.000000,
        "50" : 0.000000,
        "100" : 0.268555,
        "250" : 8.813477,
        "500" : 78.039551,
        "750" : 12.609863,
        "1000" : 0.115967
      },
      "latency_us" : {
        "2" : 0.036621,
        "4" : 0.036621,
        "10" : 0.054932,
        "20" : 0.024414,
        "50" : 0.000000,
        "100" : 0.000000,
        "250" : 0.000000,
        "500" : 0.000000,
        "750" : 0.000000,
        "1000" : 0.000000
      },
      "latency_ms" : {
        "2" : 0.000000,
        "4" : 0.000000,
        "10" : 0.000000,
        "20" : 0.000000,
        "50" : 0.000000,
        "100" : 0.000000,
        "250" : 0.000000,
        "500" : 0.000000,
        "750" : 0.000000,
        "1000" : 0.000000,
        "2000" : 0.000000,
        ">=2000" : 0.000000
      },
      "latency_depth" : 1,
      "latency_target" : 0,
      "latency_percentile" : 100.000000,
      "latency_window" : 0
    }
  ]
}
