{
  "fio version" : "fio-3.36",
  "timestamp" : 1775305172,
  "timestamp_ms" : 1775305172807,
  "time" : "Sat Apr  4 17:49:32 2026",
  "global options" : {
    "directory" : "/home/kishore/benchmark_arena/bindfs_mount",
    "ioengine" : "io_uring",
    "direct" : "1",
    "group_reporting" : "1",
    "thread" : "1",
    "randrepeat" : "1",
    "randseed" : "42",
    "fallocate" : "none",
    "verify" : "crc32c",
    "do_verify" : "1",
    "verify_fatal" : "1"
  },
  "jobs" : [
    {
      "jobname" : "rand4k_verify",
      "groupid" : 0,
      "job_start" : 1775305146605,
      "error" : 0,
      "eta" : 0,
      "elapsed" : 27,
      "job options" : {
        "rw" : "randwrite",
        "bs" : "4k",
        "iodepth" : "32",
        "numjobs" : "1",
        "size" : "1G",
        "end_fsync" : "1",
        "filename" : "integrity_rand4k.dat"
      },
      "read" : {
        "io_bytes" : 1073741824,
        "io_kbytes" : 1048576,
        "bw_bytes" : 171360010,
        "bw" : 167343,
        "iops" : 41835.939994,
        "runtime" : 6266,
        "total_ios" : 262144,
        "short_ios" : 0,
        "drop_ios" : 0,
        "slat_ns" : {
          "min" : 2375,
          "max" : 3969957,
          "mean" : 22589.205956,
          "stddev" : 40151.390977,
          "N" : 262144
        },
        "clat_ns" : {
          "min" : 875,
          "max" : 4555898,
          "mean" : 738391.064018,
          "stddev" : 368065.129768,
          "N" : 262144,
          "percentile" : {
            "1.000000" : 154624,
            "5.000000" : 195584,
            "10.000000" : 268288,
            "20.000000" : 321536,
            "30.000000" : 440320,
            "40.000000" : 831488,
            "50.000000" : 856064,
            "60.000000" : 872448,
            "70.000000" : 905216,
            "80.000000" : 946176,
            "90.000000" : 1171456,
            "95.000000" : 1204224,
            "99.000000" : 1679360,
            "99.500000" : 2088960,
            "99.900000" : 2965504,
            "99.950000" : 3325952,
            "99.990000" : 4423680
          }
        },
        "lat_ns" : {
          "min" : 26542,
          "max" : 4570690,
          "mean" : 760980.269974,
          "stddev" : 377489.620246,
          "N" : 262144
        },
        "bw_min" : 0,
        "bw_max" : 0,
        "bw_agg" : 0.000000,
        "bw_mean" : 0.000000,
        "bw_dev" : 0.000000,
        "bw_samples" : 0,
        "iops_min" : 0,
        "iops_max" : 0,
        "iops_mean" : 0.000000,
        "iops_stddev" : 0.000000,
        "iops_samples" : 0
      },
      "write" : {
        "io_bytes" : 1073741824,
        "io_kbytes" : 1048576,
        "bw_bytes" : 53932484,
        "bw" : 52668,
        "iops" : 13167.110352,
        "runtime" : 19909,
        "total_ios" : 262144,
        "short_ios" : 0,
        "drop_ios" : 0,
        "slat_ns" : {
          "min" : 14959,
          "max" : 56317638,
          "mean" : 72648.195255,
          "stddev" : 165516.626096,
          "N" : 262144
        },
        "clat_ns" : {
          "min" : 1333,
          "max" : 62833993,
          "mean" : 2293014.618381,
          "stddev" : 1250267.301023,
          "N" : 262144,
          "percentile" : {
            "1.000000" : 618496,
            "5.000000" : 774144,
            "10.000000" : 1318912,
            "20.000000" : 2310144,
            "30.000000" : 2342912,
            "40.000000" : 2375680,
            "50.000000" : 2375680,
            "60.000000" : 2408448,
            "70.000000" : 2441216,
            "80.000000" : 2473984,
            "90.000000" : 2539520,
            "95.000000" : 2637824,
            "99.000000" : 4046848,
            "99.500000" : 6062080,
            "99.900000" : 16056320,
            "99.950000" : 21364736,
            "99.990000" : 59506688
          }
        },
        "lat_ns" : {
          "min" : 72295,
          "max" : 62909580,
          "mean" : 2365662.813637,
          "stddev" : 1277128.471570,
          "N" : 262144
        },
        "bw_min" : 15604,
        "bw_max" : 114800,
        "bw_agg" : 100.000000,
        "bw_mean" : 53180.051282,
        "bw_dev" : 13616.996827,
        "bw_samples" : 39,
        "iops_min" : 3901,
        "iops_max" : 28700,
        "iops_mean" : 13294.974359,
        "iops_stddev" : 3404.269088,
        "iops_samples" : 39
      },
      "trim" : {
        "io_bytes" : 0,
        "io_kbytes" : 0,
        "bw_bytes" : 0,
        "bw" : 0,
        "iops" : 0.000000,
        "runtime" : 0,
        "total_ios" : 0,
        "short_ios" : 0,
        "drop_ios" : 0,
        "slat_ns" : {
          "min" : 0,
          "max" : 0,
          "mean" : 0.000000,
          "stddev" : 0.000000,
          "N" : 0
        },
        "clat_ns" : {
          "min" : 0,
          "max" : 0,
          "mean" : 0.000000,
          "stddev" : 0.000000,
          "N" : 0
        },
        "lat_ns" : {
          "min" : 0,
          "max" : 0,
          "mean" : 0.000000,
          "stddev" : 0.000000,
          "N" : 0
        },
        "bw_min" : 0,
        "bw_max" : 0,
        "bw_agg" : 0.000000,
        "bw_mean" : 0.000000,
        "bw_dev" : 0.000000,
        "bw_samples" : 0,
        "iops_min" : 0,
        "iops_max" : 0,
        "iops_mean" : 0.000000,
        "iops_stddev" : 0.000000,
        "iops_samples" : 0
      },
      "sync" : {
        "total_ios" : 0,
        "lat_ns" : {
          "min" : 0,
          "max" : 0,
          "mean" : 0.000000,
          "stddev" : 0.000000,
          "N" : 0
        }
      },
      "job_runtime" : 26173,
      "usr_cpu" : 7.404577,
      "sys_cpu" : 13.357277,
      "ctx" : 786463,
      "majf" : 0,
      "minf" : 7170,
      "iodepth_level" : {
        "1" : 0.100000,
        "2" : 0.100000,
        "4" : 0.100000,
        "8" : 0.100000,
        "16" : 0.100000,
        "32" : 99.988174,
        ">=64" : 0.000000
      },
      "iodepth_submit" : {
        "0" : 0.000000,
        "4" : 100.000000,
        "8" : 0.000000,
        "16" : 0.000000,
        "32" : 0.000000,
        "64" : 0.000000,
        ">=64" : 0.000000
      },
      "iodepth_complete" : {
        "0" : 0.000000,
        "4" : 99.999618,
        "8" : 0.000000,
        "16" : 0.000000,
        "32" : 0.100000,
        "64" : 0.000000,
        ">=64" : 0.000000
      },
      "latency_ns" : {
        "2" : 0.000000,
        "4" : 0.000000,
        "10" : 0.000000,
        "20" : 0.000000,
        "50" : 0.000000,
        "100" : 0.000000,
        "250" : 0.000000,
        "500" : 0.000000,
        "750" : 0.000000,
        "1000" : 0.010000
      },
      "latency_us" : {
        "2" : 0.010000,
        "4" : 0.000000,
        "10" : 0.000000,
        "20" : 0.000000,
        "50" : 0.010000,
        "100" : 0.010000,
        "250" : 3.828621,
        "500" : 12.903023,
        "750" : 4.533958,
        "1000" : 24.659729
      },
      "latency_ms" : {
        "2" : 11.336327,
        "4" : 42.218590,
        "10" : 0.423050,
        "20" : 0.063515,
        "50" : 0.020218,
        "100" : 0.011826,
        "250" : 0.000000,
        "500" : 0.000000,
        "750" : 0.000000,
        "1000" : 0.000000,
        "2000" : 0.000000,
        ">=2000" : 0.000000
      },
      "latency_depth" : 32,
      "latency_target" : 0,
      "latency_percentile" : 100.000000,
      "latency_window" : 0
    }
  ]
}
