{
  "fio version" : "fio-3.36",
  "timestamp" : 1775305203,
  "timestamp_ms" : 1775305203197,
  "time" : "Sat Apr  4 17:50:03 2026",
  "global options" : {
    "directory" : "/home/kishore/benchmark_arena/bindfs_mount",
    "ioengine" : "io_uring",
    "direct" : "1",
    "group_reporting" : "1",
    "thread" : "1",
    "randrepeat" : "1",
    "randseed" : "42",
    "fallocate" : "none",
    "verify" : "crc32c",
    "do_verify" : "1",
    "verify_fatal" : "1"
  },
  "jobs" : [
    {
      "jobname" : "rand64k_verify",
      "groupid" : 0,
      "job_start" : 1775305199234,
      "error" : 0,
      "eta" : 0,
      "elapsed" : 5,
      "job options" : {
        "rw" : "randwrite",
        "bs" : "64k",
        "iodepth" : "16",
        "numjobs" : "1",
        "size" : "1G",
        "end_fsync" : "1",
        "filename" : "integrity_rand64k.dat"
      },
      "read" : {
        "io_bytes" : 1073741824,
        "io_kbytes" : 1048576,
        "bw_bytes" : 918513108,
        "bw" : 896985,
        "iops" : 14015.397776,
        "runtime" : 1169,
        "total_ios" : 16384,
        "short_ios" : 0,
        "drop_ios" : 0,
        "slat_ns" : {
          "min" : 23626,
          "max" : 1174341,
          "mean" : 65965.806152,
          "stddev" : 59073.582667,
          "N" : 16384
        },
        "clat_ns" : {
          "min" : 4126,
          "max" : 3320471,
          "mean" : 1065841.761963,
          "stddev" : 360182.593594,
          "N" : 16384,
          "percentile" : {
            "1.000000" : 514048,
            "5.000000" : 651264,
            "10.000000" : 716800,
            "20.000000" : 757760,
            "30.000000" : 823296,
            "40.000000" : 929792,
            "50.000000" : 1003520,
            "60.000000" : 1073152,
            "70.000000" : 1171456,
            "80.000000" : 1302528,
            "90.000000" : 1531904,
            "95.000000" : 1744896,
            "99.000000" : 2244608,
            "99.500000" : 2539520,
            "99.900000" : 3063808,
            "99.950000" : 3162112,
            "99.990000" : 3293184
          }
        },
        "lat_ns" : {
          "min" : 95338,
          "max" : 3402558,
          "mean" : 1131807.568115,
          "stddev" : 379365.168360,
          "N" : 16384
        },
        "bw_min" : 0,
        "bw_max" : 0,
        "bw_agg" : 0.000000,
        "bw_mean" : 0.000000,
        "bw_dev" : 0.000000,
        "bw_samples" : 0,
        "iops_min" : 0,
        "iops_max" : 0,
        "iops_mean" : 0.000000,
        "iops_stddev" : 0.000000,
        "iops_samples" : 0
      },
      "write" : {
        "io_bytes" : 1073741824,
        "io_kbytes" : 1048576,
        "bw_bytes" : 389177899,
        "bw" : 380056,
        "iops" : 5938.383472,
        "runtime" : 2759,
        "total_ios" : 16384,
        "short_ios" : 0,
        "drop_ios" : 0,
        "slat_ns" : {
          "min" : 55127,
          "max" : 14491229,
          "mean" : 118246.556885,
          "stddev" : 211331.833191,
          "N" : 16384
        },
        "clat_ns" : {
          "min" : 1125,
          "max" : 23995750,
          "mean" : 1788970.630432,
          "stddev" : 1043603.054561,
          "N" : 16384,
          "percentile" : {
            "1.000000" : 1089536,
            "5.000000" : 1187840,
            "10.000000" : 1253376,
            "20.000000" : 1531904,
            "30.000000" : 1646592,
            "40.000000" : 1662976,
            "50.000000" : 1679360,
            "60.000000" : 1712128,
            "70.000000" : 1744896,
            "80.000000" : 1794048,
            "90.000000" : 1957888,
            "95.000000" : 2179072,
            "99.000000" : 6586368,
            "99.500000" : 7438336,
            "99.900000" : 12517376,
            "99.950000" : 23986176,
            "99.990000" : 23986176
          }
        },
        "lat_ns" : {
          "min" : 104046,
          "max" : 24115421,
          "mean" : 1907217.187317,
          "stddev" : 1082569.334277,
          "N" : 16384
        },
        "bw_min" : 181683,
        "bw_max" : 618328,
        "bw_agg" : 100.000000,
        "bw_mean" : 439834.000000,
        "bw_dev" : 184244.910535,
        "bw_samples" : 4,
        "iops_min" : 2838,
        "iops_max" : 9661,
        "iops_mean" : 6872.000000,
        "iops_stddev" : 2879.046949,
        "iops_samples" : 4
      },
      "trim" : {
        "io_bytes" : 0,
        "io_kbytes" : 0,
        "bw_bytes" : 0,
        "bw" : 0,
        "iops" : 0.000000,
        "runtime" : 0,
        "total_ios" : 0,
        "short_ios" : 0,
        "drop_ios" : 0,
        "slat_ns" : {
          "min" : 0,
          "max" : 0,
          "mean" : 0.000000,
          "stddev" : 0.000000,
          "N" : 0
        },
        "clat_ns" : {
          "min" : 0,
          "max" : 0,
          "mean" : 0.000000,
          "stddev" : 0.000000,
          "N" : 0
        },
        "lat_ns" : {
          "min" : 0,
          "max" : 0,
          "mean" : 0.000000,
          "stddev" : 0.000000,
          "N" : 0
        },
        "bw_min" : 0,
        "bw_max" : 0,
        "bw_agg" : 0.000000,
        "bw_mean" : 0.000000,
        "bw_dev" : 0.000000,
        "bw_samples" : 0,
        "iops_min" : 0,
        "iops_max" : 0,
        "iops_mean" : 0.000000,
        "iops_stddev" : 0.000000,
        "iops_samples" : 0
      },
      "sync" : {
        "total_ios" : 0,
        "lat_ns" : {
          "min" : 0,
          "max" : 0,
          "mean" : 0.000000,
          "stddev" : 0.000000,
          "N" : 0
        }
      },
      "job_runtime" : 3927,
      "usr_cpu" : 9.549274,
      "sys_cpu" : 7.181054,
      "ctx" : 49161,
      "majf" : 0,
      "minf" : 429,
      "iodepth_level" : {
        "1" : 0.100000,
        "2" : 0.100000,
        "4" : 0.100000,
        "8" : 0.100000,
        "16" : 99.908447,
        "32" : 0.000000,
        ">=64" : 0.000000
      },
      "iodepth_submit" : {
        "0" : 0.000000,
        "4" : 100.000000,
        "8" : 0.000000,
        "16" : 0.000000,
        "32" : 0.000000,
        "64" : 0.000000,
        ">=64" : 0.000000
      },
      "iodepth_complete" : {
        "0" : 0.000000,
        "4" : 99.993891,
        "8" : 0.000000,
        "16" : 0.100000,
        "32" : 0.000000,
        "64" : 0.000000,
        ">=64" : 0.000000
      },
      "latency_ns" : {
        "2" : 0.000000,
        "4" : 0.000000,
        "10" : 0.000000,
        "20" : 0.000000,
        "50" : 0.000000,
        "100" : 0.000000,
        "250" : 0.000000,
        "500" : 0.000000,
        "750" : 0.000000,
        "1000" : 0.000000
      },
      "latency_us" : {
        "2" : 0.010000,
        "4" : 0.000000,
        "10" : 0.010000,
        "20" : 0.000000,
        "50" : 0.000000,
        "100" : 0.010000,
        "250" : 0.010000,
        "500" : 0.213623,
        "750" : 8.779907,
        "1000" : 15.585327
      },
      "latency_ms" : {
        "2" : 70.343018,
        "4" : 3.927612,
        "10" : 0.997925,
        "20" : 0.094604,
        "50" : 0.039673,
        "100" : 0.000000,
        "250" : 0.000000,
        "500" : 0.000000,
        "750" : 0.000000,
        "1000" : 0.000000,
        "2000" : 0.000000,
        ">=2000" : 0.000000
      },
      "latency_depth" : 16,
      "latency_target" : 0,
      "latency_percentile" : 100.000000,
      "latency_window" : 0
    }
  ]
}
