{
  "fio version" : "fio-3.36",
  "timestamp" : 1775305084,
  "timestamp_ms" : 1775305084461,
  "time" : "Sat Apr  4 17:48:04 2026",
  "global options" : {
    "directory" : "/home/kishore/benchmark_arena/bindfs_mount",
    "ioengine" : "io_uring",
    "direct" : "1",
    "group_reporting" : "1",
    "thread" : "1",
    "randrepeat" : "1",
    "randseed" : "42",
    "fallocate" : "none",
    "verify" : "crc32c",
    "do_verify" : "1",
    "verify_fatal" : "1"
  },
  "jobs" : [
    {
      "jobname" : "seq_verify",
      "groupid" : 0,
      "job_start" : 1775305077867,
      "error" : 0,
      "eta" : 0,
      "elapsed" : 7,
      "job options" : {
        "rw" : "write",
        "bs" : "128k",
        "iodepth" : "16",
        "numjobs" : "1",
        "size" : "2G",
        "end_fsync" : "1",
        "filename" : "integrity_seq.dat"
      },
      "read" : {
        "io_bytes" : 2147483648,
        "io_kbytes" : 2097152,
        "bw_bytes" : 1513378187,
        "bw" : 1477908,
        "iops" : 11546.159267,
        "runtime" : 1419,
        "total_ios" : 16384,
        "short_ios" : 0,
        "drop_ios" : 0,
        "slat_ns" : {
          "min" : 14834,
          "max" : 29985583,
          "mean" : 78187.912231,
          "stddev" : 305716.272990,
          "N" : 16384
        },
        "clat_ns" : {
          "min" : 8542,
          "max" : 30903079,
          "mean" : 1296932.195374,
          "stddev" : 1079776.269290,
          "N" : 16384,
          "percentile" : {
            "1.000000" : 460800,
            "5.000000" : 468992,
            "10.000000" : 477184,
            "20.000000" : 888832,
            "30.000000" : 913408,
            "40.000000" : 929792,
            "50.000000" : 970752,
            "60.000000" : 1679360,
            "70.000000" : 1728512,
            "80.000000" : 1777664,
            "90.000000" : 1875968,
            "95.000000" : 1925120,
            "99.000000" : 3063808,
            "99.500000" : 3489792,
            "99.900000" : 6389760,
            "99.950000" : 30801920,
            "99.990000" : 30801920
          }
        },
        "lat_ns" : {
          "min" : 104796,
          "max" : 30955832,
          "mean" : 1375120.107605,
          "stddev" : 1106786.440027,
          "N" : 16384
        },
        "bw_min" : 0,
        "bw_max" : 0,
        "bw_agg" : 0.000000,
        "bw_mean" : 0.000000,
        "bw_dev" : 0.000000,
        "bw_samples" : 0,
        "iops_min" : 0,
        "iops_max" : 0,
        "iops_mean" : 0.000000,
        "iops_stddev" : 0.000000,
        "iops_samples" : 0
      },
      "write" : {
        "io_bytes" : 2147483648,
        "io_kbytes" : 2097152,
        "bw_bytes" : 417879674,
        "bw" : 408085,
        "iops" : 3188.168904,
        "runtime" : 5139,
        "total_ios" : 16384,
        "short_ios" : 0,
        "drop_ios" : 0,
        "slat_ns" : {
          "min" : 83670,
          "max" : 24212300,
          "mean" : 214180.320557,
          "stddev" : 716533.587882,
          "N" : 16384
        },
        "clat_ns" : {
          "min" : 875,
          "max" : 37953539,
          "mean" : 3224645.664185,
          "stddev" : 2874655.008877,
          "N" : 16384,
          "percentile" : {
            "1.000000" : 1613824,
            "5.000000" : 1908736,
            "10.000000" : 2056192,
            "20.000000" : 2113536,
            "30.000000" : 2113536,
            "40.000000" : 2146304,
            "50.000000" : 2179072,
            "60.000000" : 2179072,
            "70.000000" : 2277376,
            "80.000000" : 3162112,
            "90.000000" : 6979584,
            "95.000000" : 8585216,
            "99.000000" : 13959168,
            "99.500000" : 18481152,
            "99.900000" : 32636928,
            "99.950000" : 32636928,
            "99.990000" : 32899072
          }
        },
        "lat_ns" : {
          "min" : 146465,
          "max" : 38103379,
          "mean" : 3438825.984741,
          "stddev" : 2965758.285726,
          "N" : 16384
        },
        "bw_min" : 5538,
        "bw_max" : 713216,
        "bw_agg" : 100.000000,
        "bw_mean" : 520656.500000,
        "bw_dev" : 222933.069178,
        "bw_samples" : 8,
        "iops_min" : 43,
        "iops_max" : 5572,
        "iops_mean" : 4067.250000,
        "iops_stddev" : 1741.609252,
        "iops_samples" : 8
      },
      "trim" : {
        "io_bytes" : 0,
        "io_kbytes" : 0,
        "bw_bytes" : 0,
        "bw" : 0,
        "iops" : 0.000000,
        "runtime" : 0,
        "total_ios" : 0,
        "short_ios" : 0,
        "drop_ios" : 0,
        "slat_ns" : {
          "min" : 0,
          "max" : 0,
          "mean" : 0.000000,
          "stddev" : 0.000000,
          "N" : 0
        },
        "clat_ns" : {
          "min" : 0,
          "max" : 0,
          "mean" : 0.000000,
          "stddev" : 0.000000,
          "N" : 0
        },
        "lat_ns" : {
          "min" : 0,
          "max" : 0,
          "mean" : 0.000000,
          "stddev" : 0.000000,
          "N" : 0
        },
        "bw_min" : 0,
        "bw_max" : 0,
        "bw_agg" : 0.000000,
        "bw_mean" : 0.000000,
        "bw_dev" : 0.000000,
        "bw_samples" : 0,
        "iops_min" : 0,
        "iops_max" : 0,
        "iops_mean" : 0.000000,
        "iops_stddev" : 0.000000,
        "iops_samples" : 0
      },
      "sync" : {
        "total_ios" : 0,
        "lat_ns" : {
          "min" : 0,
          "max" : 0,
          "mean" : 0.000000,
          "stddev" : 0.000000,
          "N" : 0
        }
      },
      "job_runtime" : 6557,
      "usr_cpu" : 9.592802,
      "sys_cpu" : 4.026232,
      "ctx" : 49163,
      "majf" : 0,
      "minf" : 471,
      "iodepth_level" : {
        "1" : 0.100000,
        "2" : 0.100000,
        "4" : 0.100000,
        "8" : 0.100000,
        "16" : 99.908447,
        "32" : 0.000000,
        ">=64" : 0.000000
      },
      "iodepth_submit" : {
        "0" : 0.000000,
        "4" : 100.000000,
        "8" : 0.000000,
        "16" : 0.000000,
        "32" : 0.000000,
        "64" : 0.000000,
        ">=64" : 0.000000
      },
      "iodepth_complete" : {
        "0" : 0.000000,
        "4" : 99.993891,
        "8" : 0.000000,
        "16" : 0.100000,
        "32" : 0.000000,
        "64" : 0.000000,
        ">=64" : 0.000000
      },
      "latency_ns" : {
        "2" : 0.000000,
        "4" : 0.000000,
        "10" : 0.000000,
        "20" : 0.000000,
        "50" : 0.000000,
        "100" : 0.000000,
        "250" : 0.000000,
        "500" : 0.000000,
        "750" : 0.000000,
        "1000" : 0.010000
      },
      "latency_us" : {
        "2" : 0.000000,
        "4" : 0.000000,
        "10" : 0.010000,
        "20" : 0.000000,
        "50" : 0.000000,
        "100" : 0.000000,
        "250" : 0.010000,
        "500" : 6.289673,
        "750" : 2.609253,
        "1000" : 17.065430
      },
      "latency_ms" : {
        "2" : 25.921631,
        "4" : 39.648438,
        "10" : 6.994629,
        "20" : 1.184082,
        "50" : 0.271606,
        "100" : 0.000000,
        "250" : 0.000000,
        "500" : 0.000000,
        "750" : 0.000000,
        "1000" : 0.000000,
        "2000" : 0.000000,
        ">=2000" : 0.000000
      },
      "latency_depth" : 16,
      "latency_target" : 0,
      "latency_percentile" : 100.000000,
      "latency_window" : 0
    }
  ]
}
