{
  "fio version" : "fio-3.36",
  "timestamp" : 1775306661,
  "timestamp_ms" : 1775306661111,
  "time" : "Sat Apr  4 18:14:21 2026",
  "global options" : {
    "directory" : "/home/kishore/benchmark_arena/ext4_mount",
    "ioengine" : "io_uring",
    "direct" : "1",
    "group_reporting" : "1",
    "thread" : "1",
    "randrepeat" : "1",
    "randseed" : "42",
    "fallocate" : "none",
    "verify" : "crc32c",
    "do_verify" : "1",
    "verify_fatal" : "1"
  },
  "jobs" : [
    {
      "jobname" : "fsync4k_verify",
      "groupid" : 0,
      "job_start" : 1775306659214,
      "error" : 0,
      "eta" : 0,
      "elapsed" : 3,
      "job options" : {
        "rw" : "randwrite",
        "bs" : "4k",
        "iodepth" : "1",
        "numjobs" : "1",
        "size" : "32M",
        "fsync" : "16",
        "filename" : "integrity_fsync4k.dat"
      },
      "read" : {
        "io_bytes" : 33554432,
        "io_kbytes" : 32768,
        "bw_bytes" : 1242756740,
        "bw" : 1213629,
        "iops" : 303407.407407,
        "runtime" : 27,
        "total_ios" : 8192,
        "short_ios" : 0,
        "drop_ios" : 0,
        "slat_ns" : {
          "min" : 1958,
          "max" : 25584,
          "mean" : 2698.146362,
          "stddev" : 691.144494,
          "N" : 8192
        },
        "clat_ns" : {
          "min" : 41,
          "max" : 500,
          "mean" : 98.375244,
          "stddev" : 21.256267,
          "N" : 8192,
          "percentile" : {
            "1.000000" : 83,
            "5.000000" : 83,
            "10.000000" : 83,
            "20.000000" : 83,
            "30.000000" : 83,
            "40.000000" : 83,
            "50.000000" : 84,
            "60.000000" : 84,
            "70.000000" : 125,
            "80.000000" : 125,
            "90.000000" : 125,
            "95.000000" : 125,
            "99.000000" : 125,
            "99.500000" : 167,
            "99.900000" : 167,
            "99.950000" : 209,
            "99.990000" : 502
          }
        },
        "lat_ns" : {
          "min" : 2041,
          "max" : 25709,
          "mean" : 2796.521606,
          "stddev" : 699.689442,
          "N" : 8192
        },
        "bw_min" : 0,
        "bw_max" : 0,
        "bw_agg" : 0.000000,
        "bw_mean" : 0.000000,
        "bw_dev" : 0.000000,
        "bw_samples" : 0,
        "iops_min" : 0,
        "iops_max" : 0,
        "iops_mean" : 0.000000,
        "iops_stddev" : 0.000000,
        "iops_samples" : 0
      },
      "write" : {
        "io_bytes" : 33554432,
        "io_kbytes" : 32768,
        "bw_bytes" : 18176832,
        "bw" : 17750,
        "iops" : 4437.703142,
        "runtime" : 1846,
        "total_ios" : 8192,
        "short_ios" : 0,
        "drop_ios" : 0,
        "slat_ns" : {
          "min" : 1833,
          "max" : 59627,
          "mean" : 5121.781128,
          "stddev" : 3088.708711,
          "N" : 8192
        },
        "clat_ns" : {
          "min" : 625,
          "max" : 1298221,
          "mean" : 31677.978638,
          "stddev" : 29642.337819,
          "N" : 8192,
          "percentile" : {
            "1.000000" : 9536,
            "5.000000" : 11200,
            "10.000000" : 12480,
            "20.000000" : 13760,
            "30.000000" : 15296,
            "40.000000" : 16512,
            "50.000000" : 18816,
            "60.000000" : 25984,
            "70.000000" : 41216,
            "80.000000" : 47360,
            "90.000000" : 56064,
            "95.000000" : 92672,
            "99.000000" : 127488,
            "99.500000" : 134144,
            "99.900000" : 154624,
            "99.950000" : 177152,
            "99.990000" : 1302528
          }
        },
        "lat_ns" : {
          "min" : 10584,
          "max" : 1305930,
          "mean" : 36799.759766,
          "stddev" : 30976.138565,
          "N" : 8192
        },
        "bw_min" : 17152,
        "bw_max" : 19081,
        "bw_agg" : 100.000000,
        "bw_mean" : 18027.000000,
        "bw_dev" : 976.878191,
        "bw_samples" : 3,
        "iops_min" : 4288,
        "iops_max" : 4770,
        "iops_mean" : 4506.666667,
        "iops_stddev" : 244.084685,
        "iops_samples" : 3
      },
      "trim" : {
        "io_bytes" : 0,
        "io_kbytes" : 0,
        "bw_bytes" : 0,
        "bw" : 0,
        "iops" : 0.000000,
        "runtime" : 0,
        "total_ios" : 0,
        "short_ios" : 0,
        "drop_ios" : 0,
        "slat_ns" : {
          "min" : 0,
          "max" : 0,
          "mean" : 0.000000,
          "stddev" : 0.000000,
          "N" : 0
        },
        "clat_ns" : {
          "min" : 0,
          "max" : 0,
          "mean" : 0.000000,
          "stddev" : 0.000000,
          "N" : 0
        },
        "lat_ns" : {
          "min" : 0,
          "max" : 0,
          "mean" : 0.000000,
          "stddev" : 0.000000,
          "N" : 0
        },
        "bw_min" : 0,
        "bw_max" : 0,
        "bw_agg" : 0.000000,
        "bw_mean" : 0.000000,
        "bw_dev" : 0.000000,
        "bw_samples" : 0,
        "iops_min" : 0,
        "iops_max" : 0,
        "iops_mean" : 0.000000,
        "iops_stddev" : 0.000000,
        "iops_samples" : 0
      },
      "sync" : {
        "total_ios" : 511,
        "lat_ns" : {
          "min" : 1339348,
          "max" : 8445935,
          "mean" : 3006068.735812,
          "stddev" : 510967.414151,
          "N" : 511,
          "percentile" : {
            "1.000000" : 1925120,
            "5.000000" : 2244608,
            "10.000000" : 2473984,
            "20.000000" : 2670592,
            "30.000000" : 2801664,
            "40.000000" : 2899968,
            "50.000000" : 2998272,
            "60.000000" : 3096576,
            "70.000000" : 3194880,
            "80.000000" : 3325952,
            "90.000000" : 3522560,
            "95.000000" : 3653632,
            "99.000000" : 3915776,
            "99.500000" : 4014080,
            "99.900000" : 8454144,
            "99.950000" : 8454144,
            "99.990000" : 8454144
          }
        }
      },
      "job_runtime" : 1872,
      "usr_cpu" : 1.495726,
      "sys_cpu" : 3.472222,
      "ctx" : 8709,
      "majf" : 0,
      "minf" : 205,
      "iodepth_level" : {
        "1" : 103.118896,
        "2" : 0.000000,
        "4" : 0.000000,
        "8" : 0.000000,
        "16" : 0.000000,
        "32" : 0.000000,
        ">=64" : 0.000000
      },
      "iodepth_submit" : {
        "0" : 0.000000,
        "4" : 100.000000,
        "8" : 0.000000,
        "16" : 0.000000,
        "32" : 0.000000,
        "64" : 0.000000,
        ">=64" : 0.000000
      },
      "iodepth_complete" : {
        "0" : 0.000000,
        "4" : 100.000000,
        "8" : 0.000000,
        "16" : 0.000000,
        "32" : 0.000000,
        "64" : 0.000000,
        ">=64" : 0.000000
      },
      "latency_ns" : {
        "2" : 0.000000,
        "4" : 0.000000,
        "10" : 0.000000,
        "20" : 0.000000,
        "50" : 0.024414,
        "100" : 32.354736,
        "250" : 17.602539,
        "500" : 0.012207,
        "750" : 0.024414,
        "1000" : 0.010000
      },
      "latency_us" : {
        "2" : 0.010000,
        "4" : 0.000000,
        "10" : 0.811768,
        "20" : 25.555420,
        "50" : 15.423584,
        "100" : 6.341553,
        "250" : 1.812744,
        "500" : 0.012207,
        "750" : 0.010000,
        "1000" : 0.000000
      },
      "latency_ms" : {
        "2" : 0.010000,
        "4" : 0.000000,
        "10" : 0.000000,
        "20" : 0.000000,
        "50" : 0.000000,
        "100" : 0.000000,
        "250" : 0.000000,
        "500" : 0.000000,
        "750" : 0.000000,
        "1000" : 0.000000,
        "2000" : 0.000000,
        ">=2000" : 0.000000
      },
      "latency_depth" : 1,
      "latency_target" : 0,
      "latency_percentile" : 100.000000,
      "latency_window" : 0
    }
  ]
}
