{
  "fio version" : "fio-3.36",
  "timestamp" : 1775305138,
  "timestamp_ms" : 1775305138098,
  "time" : "Sat Apr  4 17:48:58 2026",
  "global options" : {
    "directory" : "/home/kishore/benchmark_arena/ext4_mount",
    "ioengine" : "io_uring",
    "direct" : "1",
    "group_reporting" : "1",
    "thread" : "1",
    "randrepeat" : "1",
    "randseed" : "42",
    "fallocate" : "none",
    "verify" : "crc32c",
    "do_verify" : "1",
    "verify_fatal" : "1"
  },
  "jobs" : [
    {
      "jobname" : "rand4k_verify",
      "groupid" : 0,
      "job_start" : 1775305125745,
      "error" : 0,
      "eta" : 0,
      "elapsed" : 13,
      "job options" : {
        "rw" : "randwrite",
        "bs" : "4k",
        "iodepth" : "32",
        "numjobs" : "1",
        "size" : "1G",
        "end_fsync" : "1",
        "filename" : "integrity_rand4k.dat"
      },
      "read" : {
        "io_bytes" : 1073741824,
        "io_kbytes" : 1048576,
        "bw_bytes" : 1235606241,
        "bw" : 1206646,
        "iops" : 301661.680092,
        "runtime" : 869,
        "total_ios" : 262144,
        "short_ios" : 0,
        "drop_ios" : 0,
        "slat_ns" : {
          "min" : 1750,
          "max" : 590316,
          "mean" : 2834.550514,
          "stddev" : 2109.792943,
          "N" : 262144
        },
        "clat_ns" : {
          "min" : 542,
          "max" : 771199,
          "mean" : 102754.877377,
          "stddev" : 16832.791570,
          "N" : 262144,
          "percentile" : {
            "1.000000" : 90624,
            "5.000000" : 92672,
            "10.000000" : 93696,
            "20.000000" : 94720,
            "30.000000" : 96768,
            "40.000000" : 97792,
            "50.000000" : 99840,
            "60.000000" : 101888,
            "70.000000" : 103936,
            "80.000000" : 107008,
            "90.000000" : 114176,
            "95.000000" : 121344,
            "99.000000" : 144384,
            "99.500000" : 173056,
            "99.900000" : 313344,
            "99.950000" : 423936,
            "99.990000" : 692224
          }
        },
        "lat_ns" : {
          "min" : 2542,
          "max" : 823784,
          "mean" : 105589.427891,
          "stddev" : 17176.439589,
          "N" : 262144
        },
        "bw_min" : 0,
        "bw_max" : 0,
        "bw_agg" : 0.000000,
        "bw_mean" : 0.000000,
        "bw_dev" : 0.000000,
        "bw_samples" : 0,
        "iops_min" : 0,
        "iops_max" : 0,
        "iops_mean" : 0.000000,
        "iops_stddev" : 0.000000,
        "iops_samples" : 0
      },
      "write" : {
        "io_bytes" : 1073741824,
        "io_kbytes" : 1048576,
        "bw_bytes" : 93735645,
        "bw" : 91538,
        "iops" : 22884.679179,
        "runtime" : 11455,
        "total_ios" : 262144,
        "short_ios" : 0,
        "drop_ios" : 0,
        "slat_ns" : {
          "min" : 958,
          "max" : 3332638,
          "mean" : 3323.317070,
          "stddev" : 11171.779769,
          "N" : 262144
        },
        "clat_ns" : {
          "min" : 38418,
          "max" : 6747771878,
          "mean" : 1264009.290127,
          "stddev" : 74535448.128652,
          "N" : 262144,
          "percentile" : {
            "1.000000" : 189440,
            "5.000000" : 238592,
            "10.000000" : 254976,
            "20.000000" : 280576,
            "30.000000" : 309248,
            "40.000000" : 329728,
            "50.000000" : 346112,
            "60.000000" : 362496,
            "70.000000" : 378880,
            "80.000000" : 415744,
            "90.000000" : 577536,
            "95.000000" : 765952,
            "99.000000" : 1859584,
            "99.500000" : 3129344,
            "99.900000" : 14352384,
            "99.950000" : 20054016,
            "99.990000" : 6744440832
          }
        },
        "lat_ns" : {
          "min" : 40251,
          "max" : 6747777003,
          "mean" : 1267332.607197,
          "stddev" : 74535458.450615,
          "N" : 262144
        },
        "bw_min" : 1083,
        "bw_max" : 362115,
        "bw_agg" : 100.000000,
        "bw_mean" : 213267.444444,
        "bw_dev" : 126829.917559,
        "bw_samples" : 9,
        "iops_min" : 270,
        "iops_max" : 90528,
        "iops_mean" : 53316.555556,
        "iops_stddev" : 31707.551447,
        "iops_samples" : 9
      },
      "trim" : {
        "io_bytes" : 0,
        "io_kbytes" : 0,
        "bw_bytes" : 0,
        "bw" : 0,
        "iops" : 0.000000,
        "runtime" : 0,
        "total_ios" : 0,
        "short_ios" : 0,
        "drop_ios" : 0,
        "slat_ns" : {
          "min" : 0,
          "max" : 0,
          "mean" : 0.000000,
          "stddev" : 0.000000,
          "N" : 0
        },
        "clat_ns" : {
          "min" : 0,
          "max" : 0,
          "mean" : 0.000000,
          "stddev" : 0.000000,
          "N" : 0
        },
        "lat_ns" : {
          "min" : 0,
          "max" : 0,
          "mean" : 0.000000,
          "stddev" : 0.000000,
          "N" : 0
        },
        "bw_min" : 0,
        "bw_max" : 0,
        "bw_agg" : 0.000000,
        "bw_mean" : 0.000000,
        "bw_dev" : 0.000000,
        "bw_samples" : 0,
        "iops_min" : 0,
        "iops_max" : 0,
        "iops_mean" : 0.000000,
        "iops_stddev" : 0.000000,
        "iops_samples" : 0
      },
      "sync" : {
        "total_ios" : 0,
        "lat_ns" : {
          "min" : 0,
          "max" : 0,
          "mean" : 0.000000,
          "stddev" : 0.000000,
          "N" : 0
        }
      },
      "job_runtime" : 12322,
      "usr_cpu" : 5.753936,
      "sys_cpu" : 9.844181,
      "ctx" : 172910,
      "majf" : 0,
      "minf" : 7170,
      "iodepth_level" : {
        "1" : 0.100000,
        "2" : 0.100000,
        "4" : 0.100000,
        "8" : 0.100000,
        "16" : 0.100000,
        "32" : 99.988174,
        ">=64" : 0.000000
      },
      "iodepth_submit" : {
        "0" : 0.000000,
        "4" : 100.000000,
        "8" : 0.000000,
        "16" : 0.000000,
        "32" : 0.000000,
        "64" : 0.000000,
        ">=64" : 0.000000
      },
      "iodepth_complete" : {
        "0" : 0.000000,
        "4" : 99.999618,
        "8" : 0.000000,
        "16" : 0.000000,
        "32" : 0.100000,
        "64" : 0.000000,
        ">=64" : 0.000000
      },
      "latency_ns" : {
        "2" : 0.000000,
        "4" : 0.000000,
        "10" : 0.000000,
        "20" : 0.000000,
        "50" : 0.000000,
        "100" : 0.000000,
        "250" : 0.000000,
        "500" : 0.000000,
        "750" : 0.010000,
        "1000" : 0.000000
      },
      "latency_us" : {
        "2" : 0.000000,
        "4" : 0.010000,
        "10" : 0.010000,
        "20" : 0.010000,
        "50" : 0.032425,
        "100" : 26.191139,
        "250" : 27.832413,
        "500" : 39.386940,
        "750" : 3.904533,
        "1000" : 1.373291
      },
      "latency_ms" : {
        "2" : 0.801468,
        "4" : 0.281334,
        "10" : 0.117493,
        "20" : 0.051880,
        "50" : 0.013351,
        "100" : 0.010000,
        "250" : 0.000000,
        "500" : 0.000000,
        "750" : 0.000000,
        "1000" : 0.000000,
        "2000" : 0.000000,
        ">=2000" : 0.010000
      },
      "latency_depth" : 32,
      "latency_target" : 0,
      "latency_percentile" : 100.000000,
      "latency_window" : 0
    }
  ]
}
