{
  "fio version" : "fio-3.36",
  "timestamp" : 1775305196,
  "timestamp_ms" : 1775305196319,
  "time" : "Sat Apr  4 17:49:56 2026",
  "global options" : {
    "directory" : "/home/kishore/benchmark_arena/ext4_mount",
    "ioengine" : "io_uring",
    "direct" : "1",
    "group_reporting" : "1",
    "thread" : "1",
    "randrepeat" : "1",
    "randseed" : "42",
    "fallocate" : "none",
    "verify" : "crc32c",
    "do_verify" : "1",
    "verify_fatal" : "1"
  },
  "jobs" : [
    {
      "jobname" : "rand64k_verify",
      "groupid" : 0,
      "job_start" : 1775305194474,
      "error" : 0,
      "eta" : 2147483647,
      "elapsed" : 2,
      "job options" : {
        "rw" : "randwrite",
        "bs" : "64k",
        "iodepth" : "16",
        "numjobs" : "1",
        "size" : "1G",
        "end_fsync" : "1",
        "filename" : "integrity_rand64k.dat"
      },
      "read" : {
        "io_bytes" : 1073741824,
        "io_kbytes" : 1048576,
        "bw_bytes" : 4772185884,
        "bw" : 4660337,
        "iops" : 72817.777778,
        "runtime" : 225,
        "total_ios" : 16384,
        "short_ios" : 0,
        "drop_ios" : 0,
        "slat_ns" : {
          "min" : 291,
          "max" : 96296,
          "mean" : 935.891785,
          "stddev" : 1562.497327,
          "N" : 16384
        },
        "clat_ns" : {
          "min" : 53669,
          "max" : 2147923,
          "mean" : 213845.759827,
          "stddev" : 135921.933750,
          "N" : 16384,
          "percentile" : {
            "1.000000" : 150528,
            "5.000000" : 158720,
            "10.000000" : 162816,
            "20.000000" : 166912,
            "30.000000" : 171008,
            "40.000000" : 173056,
            "50.000000" : 175104,
            "60.000000" : 179200,
            "70.000000" : 187392,
            "80.000000" : 209920,
            "90.000000" : 284672,
            "95.000000" : 411648,
            "99.000000" : 872448,
            "99.500000" : 1073152,
            "99.900000" : 1908736,
            "99.950000" : 2088960,
            "99.990000" : 2146304
          }
        },
        "lat_ns" : {
          "min" : 54127,
          "max" : 2149382,
          "mean" : 214781.651611,
          "stddev" : 136327.797521,
          "N" : 16384
        },
        "bw_min" : 0,
        "bw_max" : 0,
        "bw_agg" : 0.000000,
        "bw_mean" : 0.000000,
        "bw_dev" : 0.000000,
        "bw_samples" : 0,
        "iops_min" : 0,
        "iops_max" : 0,
        "iops_mean" : 0.000000,
        "iops_stddev" : 0.000000,
        "iops_samples" : 0
      },
      "write" : {
        "io_bytes" : 1073741824,
        "io_kbytes" : 1048576,
        "bw_bytes" : 680444755,
        "bw" : 664496,
        "iops" : 10382.762991,
        "runtime" : 1578,
        "total_ios" : 16384,
        "short_ios" : 0,
        "drop_ios" : 0,
        "slat_ns" : {
          "min" : 10375,
          "max" : 711779,
          "mean" : 16440.937012,
          "stddev" : 9129.002038,
          "N" : 16384
        },
        "clat_ns" : {
          "min" : 165757,
          "max" : 44649860,
          "mean" : 728652.657715,
          "stddev" : 1706952.636065,
          "N" : 16384,
          "percentile" : {
            "1.000000" : 197632,
            "5.000000" : 216064,
            "10.000000" : 224256,
            "20.000000" : 236544,
            "30.000000" : 250880,
            "40.000000" : 264192,
            "50.000000" : 280576,
            "60.000000" : 301056,
            "70.000000" : 415744,
            "80.000000" : 765952,
            "90.000000" : 1400832,
            "95.000000" : 2899968,
            "99.000000" : 6389760,
            "99.500000" : 7438336,
            "99.900000" : 14352384,
            "99.950000" : 41680896,
            "99.990000" : 44302336
          }
        },
        "lat_ns" : {
          "min" : 177174,
          "max" : 44661069,
          "mean" : 745093.594727,
          "stddev" : 1706847.883115,
          "N" : 16384
        },
        "bw_min" : 257780,
        "bw_max" : 1489362,
        "bw_agg" : 100.000000,
        "bw_mean" : 873571.000000,
        "bw_dev" : 870859.983787,
        "bw_samples" : 2,
        "iops_min" : 4027,
        "iops_max" : 23271,
        "iops_mean" : 13649.000000,
        "iops_stddev" : 13607.562897,
        "iops_samples" : 2
      },
      "trim" : {
        "io_bytes" : 0,
        "io_kbytes" : 0,
        "bw_bytes" : 0,
        "bw" : 0,
        "iops" : 0.000000,
        "runtime" : 0,
        "total_ios" : 0,
        "short_ios" : 0,
        "drop_ios" : 0,
        "slat_ns" : {
          "min" : 0,
          "max" : 0,
          "mean" : 0.000000,
          "stddev" : 0.000000,
          "N" : 0
        },
        "clat_ns" : {
          "min" : 0,
          "max" : 0,
          "mean" : 0.000000,
          "stddev" : 0.000000,
          "N" : 0
        },
        "lat_ns" : {
          "min" : 0,
          "max" : 0,
          "mean" : 0.000000,
          "stddev" : 0.000000,
          "N" : 0
        },
        "bw_min" : 0,
        "bw_max" : 0,
        "bw_agg" : 0.000000,
        "bw_mean" : 0.000000,
        "bw_dev" : 0.000000,
        "bw_samples" : 0,
        "iops_min" : 0,
        "iops_max" : 0,
        "iops_mean" : 0.000000,
        "iops_stddev" : 0.000000,
        "iops_samples" : 0
      },
      "sync" : {
        "total_ios" : 0,
        "lat_ns" : {
          "min" : 0,
          "max" : 0,
          "mean" : 0.000000,
          "stddev" : 0.000000,
          "N" : 0
        }
      },
      "job_runtime" : 1802,
      "usr_cpu" : 18.479467,
      "sys_cpu" : 1.664817,
      "ctx" : 19194,
      "majf" : 0,
      "minf" : 429,
      "iodepth_level" : {
        "1" : 0.100000,
        "2" : 0.100000,
        "4" : 0.100000,
        "8" : 0.100000,
        "16" : 99.908447,
        "32" : 0.000000,
        ">=64" : 0.000000
      },
      "iodepth_submit" : {
        "0" : 0.000000,
        "4" : 100.000000,
        "8" : 0.000000,
        "16" : 0.000000,
        "32" : 0.000000,
        "64" : 0.000000,
        ">=64" : 0.000000
      },
      "iodepth_complete" : {
        "0" : 0.000000,
        "4" : 99.993891,
        "8" : 0.000000,
        "16" : 0.100000,
        "32" : 0.000000,
        "64" : 0.000000,
        ">=64" : 0.000000
      },
      "latency_ns" : {
        "2" : 0.000000,
        "4" : 0.000000,
        "10" : 0.000000,
        "20" : 0.000000,
        "50" : 0.000000,
        "100" : 0.000000,
        "250" : 0.000000,
        "500" : 0.000000,
        "750" : 0.000000,
        "1000" : 0.000000
      },
      "latency_us" : {
        "2" : 0.000000,
        "4" : 0.000000,
        "10" : 0.000000,
        "20" : 0.000000,
        "50" : 0.000000,
        "100" : 0.082397,
        "250" : 57.955933,
        "500" : 26.779175,
        "750" : 4.281616,
        "1000" : 3.683472
      },
      "latency_ms" : {
        "2" : 3.784180,
        "4" : 1.629639,
        "10" : 1.702881,
        "20" : 0.051880,
        "50" : 0.048828,
        "100" : 0.000000,
        "250" : 0.000000,
        "500" : 0.000000,
        "750" : 0.000000,
        "1000" : 0.000000,
        "2000" : 0.000000,
        ">=2000" : 0.000000
      },
      "latency_depth" : 16,
      "latency_target" : 0,
      "latency_percentile" : 100.000000,
      "latency_window" : 0
    }
  ]
}
