{
  "fio version" : "fio-3.36",
  "timestamp" : 1775305074,
  "timestamp_ms" : 1775305074075,
  "time" : "Sat Apr  4 17:47:54 2026",
  "global options" : {
    "directory" : "/home/kishore/benchmark_arena/ext4_mount",
    "ioengine" : "io_uring",
    "direct" : "1",
    "group_reporting" : "1",
    "thread" : "1",
    "randrepeat" : "1",
    "randseed" : "42",
    "fallocate" : "none",
    "verify" : "crc32c",
    "do_verify" : "1",
    "verify_fatal" : "1"
  },
  "jobs" : [
    {
      "jobname" : "seq_verify",
      "groupid" : 0,
      "job_start" : 1775305071402,
      "error" : 0,
      "eta" : 0,
      "elapsed" : 3,
      "job options" : {
        "rw" : "write",
        "bs" : "128k",
        "iodepth" : "16",
        "numjobs" : "1",
        "size" : "2G",
        "end_fsync" : "1",
        "filename" : "integrity_seq.dat"
      },
      "read" : {
        "io_bytes" : 2147483648,
        "io_kbytes" : 2097152,
        "bw_bytes" : 14708792109,
        "bw" : 14364054,
        "iops" : 112219.178082,
        "runtime" : 146,
        "total_ios" : 16384,
        "short_ios" : 0,
        "drop_ios" : 0,
        "slat_ns" : {
          "min" : 333,
          "max" : 37085,
          "mean" : 546.960083,
          "stddev" : 498.616252,
          "N" : 16384
        },
        "clat_ns" : {
          "min" : 97337,
          "max" : 1101796,
          "mean" : 134597.475891,
          "stddev" : 48012.181844,
          "N" : 16384,
          "percentile" : {
            "1.000000" : 104960,
            "5.000000" : 107008,
            "10.000000" : 113152,
            "20.000000" : 118272,
            "30.000000" : 120320,
            "40.000000" : 121344,
            "50.000000" : 122368,
            "60.000000" : 124416,
            "70.000000" : 127488,
            "80.000000" : 130560,
            "90.000000" : 144384,
            "95.000000" : 211968,
            "99.000000" : 342016,
            "99.500000" : 354304,
            "99.900000" : 444416,
            "99.950000" : 444416,
            "99.990000" : 774144
          }
        },
        "lat_ns" : {
          "min" : 97837,
          "max" : 1102171,
          "mean" : 135144.435974,
          "stddev" : 47995.907009,
          "N" : 16384
        },
        "bw_min" : 0,
        "bw_max" : 0,
        "bw_agg" : 0.000000,
        "bw_mean" : 0.000000,
        "bw_dev" : 0.000000,
        "bw_samples" : 0,
        "iops_min" : 0,
        "iops_max" : 0,
        "iops_mean" : 0.000000,
        "iops_stddev" : 0.000000,
        "iops_samples" : 0
      },
      "write" : {
        "io_bytes" : 2147483648,
        "io_kbytes" : 2097152,
        "bw_bytes" : 880838247,
        "bw" : 860193,
        "iops" : 6720.262510,
        "runtime" : 2438,
        "total_ios" : 16384,
        "short_ios" : 0,
        "drop_ios" : 0,
        "slat_ns" : {
          "min" : 20917,
          "max" : 279053,
          "mean" : 29271.255432,
          "stddev" : 6726.661279,
          "N" : 16384
        },
        "clat_ns" : {
          "min" : 343889,
          "max" : 110055460,
          "mean" : 685635.931396,
          "stddev" : 3286084.038970,
          "N" : 16384,
          "percentile" : {
            "1.000000" : 370688,
            "5.000000" : 399360,
            "10.000000" : 411648,
            "20.000000" : 432128,
            "30.000000" : 440320,
            "40.000000" : 448512,
            "50.000000" : 456704,
            "60.000000" : 464896,
            "70.000000" : 518144,
            "80.000000" : 651264,
            "90.000000" : 839680,
            "95.000000" : 1073152,
            "99.000000" : 2670592,
            "99.500000" : 3555328,
            "99.900000" : 36962304,
            "99.950000" : 107479040,
            "99.990000" : 109576192
          }
        },
        "lat_ns" : {
          "min" : 367515,
          "max" : 110083712,
          "mean" : 714907.186829,
          "stddev" : 3286190.303757,
          "N" : 16384
        },
        "bw_min" : 3358222,
        "bw_max" : 3358222,
        "bw_agg" : 100.000000,
        "bw_mean" : 3358222.000000,
        "bw_dev" : 0.000000,
        "bw_samples" : 1,
        "iops_min" : 26236,
        "iops_max" : 26236,
        "iops_mean" : 26236.000000,
        "iops_stddev" : 0.000000,
        "iops_samples" : 1
      },
      "trim" : {
        "io_bytes" : 0,
        "io_kbytes" : 0,
        "bw_bytes" : 0,
        "bw" : 0,
        "iops" : 0.000000,
        "runtime" : 0,
        "total_ios" : 0,
        "short_ios" : 0,
        "drop_ios" : 0,
        "slat_ns" : {
          "min" : 0,
          "max" : 0,
          "mean" : 0.000000,
          "stddev" : 0.000000,
          "N" : 0
        },
        "clat_ns" : {
          "min" : 0,
          "max" : 0,
          "mean" : 0.000000,
          "stddev" : 0.000000,
          "N" : 0
        },
        "lat_ns" : {
          "min" : 0,
          "max" : 0,
          "mean" : 0.000000,
          "stddev" : 0.000000,
          "N" : 0
        },
        "bw_min" : 0,
        "bw_max" : 0,
        "bw_agg" : 0.000000,
        "bw_mean" : 0.000000,
        "bw_dev" : 0.000000,
        "bw_samples" : 0,
        "iops_min" : 0,
        "iops_max" : 0,
        "iops_mean" : 0.000000,
        "iops_stddev" : 0.000000,
        "iops_samples" : 0
      },
      "sync" : {
        "total_ios" : 0,
        "lat_ns" : {
          "min" : 0,
          "max" : 0,
          "mean" : 0.000000,
          "stddev" : 0.000000,
          "N" : 0
        }
      },
      "job_runtime" : 2582,
      "usr_cpu" : 21.223857,
      "sys_cpu" : 2.323780,
      "ctx" : 6828,
      "majf" : 0,
      "minf" : 429,
      "iodepth_level" : {
        "1" : 0.100000,
        "2" : 0.100000,
        "4" : 0.100000,
        "8" : 0.100000,
        "16" : 99.908447,
        "32" : 0.000000,
        ">=64" : 0.000000
      },
      "iodepth_submit" : {
        "0" : 0.000000,
        "4" : 100.000000,
        "8" : 0.000000,
        "16" : 0.000000,
        "32" : 0.000000,
        "64" : 0.000000,
        ">=64" : 0.000000
      },
      "iodepth_complete" : {
        "0" : 0.000000,
        "4" : 99.993891,
        "8" : 0.000000,
        "16" : 0.100000,
        "32" : 0.000000,
        "64" : 0.000000,
        ">=64" : 0.000000
      },
      "latency_ns" : {
        "2" : 0.000000,
        "4" : 0.000000,
        "10" : 0.000000,
        "20" : 0.000000,
        "50" : 0.000000,
        "100" : 0.000000,
        "250" : 0.000000,
        "500" : 0.000000,
        "750" : 0.000000,
        "1000" : 0.000000
      },
      "latency_us" : {
        "2" : 0.000000,
        "4" : 0.000000,
        "10" : 0.000000,
        "20" : 0.000000,
        "50" : 0.000000,
        "100" : 0.010000,
        "250" : 47.787476,
        "500" : 36.422729,
        "750" : 8.212280,
        "1000" : 4.232788
      },
      "latency_ms" : {
        "2" : 2.679443,
        "4" : 0.479126,
        "10" : 0.122070,
        "20" : 0.000000,
        "50" : 0.010000,
        "100" : 0.010000,
        "250" : 0.042725,
        "500" : 0.000000,
        "750" : 0.000000,
        "1000" : 0.000000,
        "2000" : 0.000000,
        ">=2000" : 0.000000
      },
      "latency_depth" : 16,
      "latency_target" : 0,
      "latency_percentile" : 100.000000,
      "latency_window" : 0
    }
  ]
}
